Genre,Budget,Cast_Popularity,Director_Popularity,Marketing_Spend,Release_Month,Revenue
Horror,50,8.8,8.6,91,January,696.71
Sci-Fi,19,4.4,6.7,84,May,544.97
Romance,157,4.3,1.4,79,September,761.03
Horror,226,6.6,2.9,62,February,958.29
Drama,210,6.7,9.3,27,December,744.57
Animation,277,5.2,4.3,45,July,1004.39
Romance,240,5.0,1.9,92,May,994.05
Romance,232,5.4,7.3,25,February,729.78
Horror,13,8.7,3.7,61,August,346.77
Comedy,170,5.2,3.4,44,November,786.03
Drama,218,9.5,10.0,97,June,887.88
Horror,121,5.5,8.7,46,April,442.31
Drama,76,9.5,4.7,14,April,330.45
Drama,68,8.5,9.8,8,February,348.12
Animation,209,4.3,6.9,48,March,703.1
Romance,213,8.8,7.7,14,July,732.67
Sci-Fi,76,2.0,1.3,65,March,459.94
Animation,281,9.3,2.1,80,May,1212.93
Animation,278,6.7,6.7,82,October,1082.9
Drama,99,1.5,9.1,7,June,362.7
Thriller,170,6.8,6.6,79,June,825.55
Romance,36,9.8,2.2,88,April,560.94
Comedy,15,1.6,2.0,49,June,281.03
Animation,221,6.0,8.6,55,March,1070.71
Sci-Fi,293,7.7,2.3,13,July,834.2
Thriller,106,8.3,5.7,73,July,667.09
Thriller,271,4.7,1.3,56,April,804.5
Comedy,218,2.8,1.7,56,February,793.43
Animation,183,1.4,7.1,15,November,526.76
Sci-Fi,92,6.2,7.2,57,July,488.59
Romance,45,5.1,4.1,58,March,404.41
Action,80,9.5,2.9,35,January,388.05
Sci-Fi,50,1.5,8.3,88,February,437.5
Comedy,164,7.2,3.0,97,October,735.74
Thriller,84,1.2,5.9,16,September,268.83
Romance,90,2.5,9.7,8,December,340.53
Sci-Fi,96,5.1,2.3,93,August,527.11
Action,152,5.1,9.5,87,June,755.63
Action,165,7.2,2.6,45,June,623.94
Drama,206,9.2,6.1,95,January,1046.56
Drama,246,6.8,4.4,40,February,728.13
Horror,6,9.6,9.7,54,April,392.96
Comedy,229,8.9,3.5,14,March,718.93
Animation,293,6.3,4.6,59,January,1194.22
Sci-Fi,237,8.5,9.8,94,August,1136.46
Sci-Fi,81,6.8,5.8,53,July,501.99
Animation,120,1.7,5.5,27,April,282.93
Horror,158,7.7,3.3,47,December,682.6
Thriller,107,1.9,7.3,80,December,600.8
Thriller,198,6.3,1.1,6,September,711.88
Horror,170,7.3,1.4,55,November,873.28
Thriller,94,1.6,6.4,97,April,618.83
Drama,178,3.1,4.1,44,January,721.97
Sci-Fi,126,9.2,9.6,18,October,595.77
Horror,147,6.5,9.1,16,January,573.25
Sci-Fi,110,3.2,7.4,12,January,570.88
Animation,127,7.2,8.4,20,January,409.89
Action,13,6.4,7.0,45,April,348.72
Drama,266,5.5,2.1,64,January,756.66
Romance,77,9.8,7.9,59,February,617.49
Drama,227,7.2,2.9,93,April,1185.44
Horror,45,4.4,3.9,94,July,531.44
Romance,208,8.2,8.4,90,February,870.8
Action,268,9.0,5.8,22,August,722.87
Horror,182,2.1,8.7,97,July,883.26
Comedy,88,2.8,2.9,47,September,310.23
Sci-Fi,115,2.9,6.5,29,June,489.31
Action,255,7.2,1.8,86,April,867.06
Sci-Fi,11,6.4,6.8,45,June,350.76
Thriller,88,6.6,7.9,77,April,604.64
Comedy,212,9.5,6.3,9,July,568.84
Comedy,26,8.0,3.4,24,September,216.31
Action,7,2.2,1.3,15,March,58.5
Comedy,131,4.1,2.1,36,March,385.32
Romance,192,4.9,6.6,13,February,417.05
Comedy,18,4.6,9.4,91,January,450.45
Sci-Fi,16,7.0,2.9,44,January,283.2
Sci-Fi,91,9.0,7.6,71,March,535.34
Horror,16,3.8,8.8,72,July,387.75
Sci-Fi,29,6.0,5.7,78,November,424.83
Horror,247,8.1,7.0,76,September,1161.38
Sci-Fi,126,4.7,8.3,36,February,620.37
Romance,151,2.5,3.3,61,July,489.34
Animation,59,5.3,3.7,81,January,557.82
Horror,242,1.5,1.0,40,February,651.41
Drama,177,9.5,9.7,93,June,1055.3
Thriller,225,1.7,9.3,27,November,829.55
Action,123,4.9,7.9,1,May,388.14
Sci-Fi,187,5.8,1.7,34,August,751.45
Comedy,292,9.9,5.0,68,December,1348.78
Animation,86,2.5,1.9,88,November,573.38
Sci-Fi,215,2.0,1.1,21,February,576.7
Comedy,154,1.1,6.5,33,January,735.34
Thriller,41,2.4,9.6,7,July,299.45
Thriller,63,2.9,9.1,65,June,438.45
Thriller,135,6.7,7.3,3,August,516.04
Comedy,206,3.0,1.9,51,November,744.51
Sci-Fi,247,1.2,3.5,79,August,1041.05
Thriller,39,8.4,3.9,95,February,537.66
Romance,97,4.3,7.9,54,August,515.07
Horror,211,4.2,8.2,80,June,814.47
Comedy,217,3.7,4.5,74,September,908.88
Comedy,163,9.8,4.8,93,December,1001.66
Sci-Fi,28,2.5,1.4,59,July,163.58
Comedy,297,9.1,3.6,6,February,643.92
Comedy,8,8.0,5.1,29,August,184.9
Thriller,224,1.7,2.1,17,September,585.98
Sci-Fi,24,9.9,5.1,60,July,320.28
Thriller,156,3.4,8.7,22,April,724.29
Horror,54,1.9,6.2,24,September,400.12
Animation,181,8.5,1.7,81,April,520.44
Horror,100,7.4,2.7,85,December,598.15
Animation,109,6.6,5.3,51,April,677.23
Thriller,254,2.4,4.3,50,September,795.09
Horror,121,5.3,4.2,11,August,553.99
Sci-Fi,232,8.0,5.8,56,April,816.4
Action,70,3.7,6.3,71,August,510.63
Thriller,266,3.8,8.2,42,August,1122.15
Animation,299,1.0,4.1,39,July,992.51
Romance,247,2.6,8.2,69,October,906.05
Animation,190,8.9,4.0,48,June,606.11
Romance,250,5.0,1.5,57,August,850.82
Comedy,129,9.9,6.0,21,July,542.02
Horror,272,4.6,6.3,82,May,1306.31
Romance,135,7.4,9.4,99,December,1009.5
Animation,241,3.5,7.5,20,April,1120.21
Comedy,22,4.3,9.3,15,December,262.79
Action,44,2.7,9.2,69,February,500.42
Sci-Fi,25,4.1,6.4,77,November,408.03
Sci-Fi,229,5.9,5.7,51,August,961.71
Sci-Fi,286,9.9,6.0,76,September,924.79
Romance,12,7.0,9.8,62,April,386.42
Action,104,2.8,8.0,85,April,573.16
Romance,244,1.4,2.0,37,May,856.58
Horror,91,2.1,8.0,6,February,415.93
Romance,18,6.1,2.5,71,July,462.57
Action,6,7.9,5.0,26,May,214.69
Action,297,9.5,2.9,8,June,810.69
Horror,45,1.1,7.2,73,April,472.17
Action,115,5.7,8.9,91,August,867.31
Animation,18,5.2,3.6,4,August,149.45
Action,235,6.9,1.7,21,December,932.44
Sci-Fi,88,6.0,3.7,31,May,406.34
Animation,134,7.2,7.1,21,December,523.3
Animation,235,6.9,4.0,25,June,992.39
Horror,149,2.1,3.5,15,March,436.46
Drama,32,8.2,2.7,35,January,282.57
Drama,70,2.1,5.5,49,September,359.07
Action,167,7.3,3.5,43,September,487.14
Animation,233,4.7,7.6,41,March,980.9
Drama,265,5.6,1.7,37,April,521.58
Drama,168,9.1,7.0,57,July,680.66
Action,291,9.0,3.1,42,February,890.07
Drama,14,8.4,5.4,47,December,308.44
Romance,199,5.6,3.6,92,March,821.62
Comedy,122,7.6,7.5,61,June,687.74
Horror,274,5.6,9.5,14,November,688.17
Comedy,84,8.8,9.3,68,August,457.86
Action,97,4.6,6.3,53,January,509.88
Sci-Fi,270,9.7,5.2,84,April,1080.62
Horror,261,9.4,8.4,34,January,835.57
Action,137,7.7,7.1,76,February,674.16
Animation,280,3.5,2.7,97,August,1214.63
Sci-Fi,268,2.2,8.4,24,June,1042.6
Comedy,175,8.7,4.9,20,September,447.89
Action,5,2.5,2.7,69,February,184.01
Animation,68,8.7,3.5,30,March,369.17
Horror,288,5.4,3.4,88,September,1091.44
Horror,125,4.7,5.7,7,September,460.69
Thriller,111,9.1,3.1,36,June,542.4
Animation,179,6.4,2.1,38,March,794.66
Romance,208,6.2,2.1,80,May,895.95
Drama,169,6.0,6.2,52,February,712.03
Sci-Fi,124,4.3,7.6,15,July,463.39
Animation,48,8.1,3.9,46,October,265.14
Thriller,160,3.3,1.3,23,November,652.09
Drama,211,9.5,2.1,12,August,752.41
Drama,112,9.0,9.2,93,June,707.56
Action,255,4.0,5.4,44,August,1075.63
Drama,134,7.6,5.1,15,February,598.26
Romance,297,6.2,1.3,93,March,1351.3
Horror,24,4.0,7.6,49,July,373.79
Thriller,286,9.9,5.8,21,October,1247.44
Drama,289,1.2,2.8,15,December,671.17
Action,5,3.3,2.0,14,January,116.62
Romance,123,5.7,4.5,42,July,700.69
Comedy,39,5.7,8.5,80,June,520.29
Horror,202,6.3,8.8,15,August,604.4
Horror,249,7.8,6.4,63,July,1204.85
Thriller,63,6.6,7.5,68,April,500.41
Horror,165,6.4,2.0,27,March,736.26
Drama,183,1.5,6.3,87,March,760.76
Action,210,4.4,7.0,93,April,684.48
Horror,16,3.1,2.8,53,September,225.19
Horror,280,3.4,8.9,52,September,714.51
Comedy,185,6.0,2.8,63,February,865.76
Comedy,246,2.8,3.8,73,May,1029.1
Sci-Fi,220,3.6,6.6,53,January,635.48
Romance,255,3.1,6.7,57,April,726.2
Drama,130,9.5,7.3,52,February,714.58
Horror,221,9.5,2.0,43,August,705.68
Animation,289,6.5,8.6,7,April,1114.11
Horror,189,9.3,5.8,42,May,745.3
Action,43,8.1,5.2,4,November,222.54
Sci-Fi,227,6.3,9.8,69,April,902.96
Romance,188,1.1,7.7,5,May,472.06
Animation,182,8.0,2.1,75,May,667.97
Sci-Fi,298,7.3,7.8,92,May,950.84
Thriller,155,6.5,1.9,80,November,1006.84
Romance,130,7.8,1.2,41,March,562.9
Horror,238,5.6,4.6,94,July,1113.12
Horror,12,7.3,9.9,4,March,194.4
Romance,133,9.4,2.6,2,February,422.37
Horror,268,4.4,7.1,67,March,935.03
Drama,161,7.4,2.6,21,November,724.77
Romance,9,5.3,7.5,70,March,488.79
Sci-Fi,90,7.1,5.5,43,August,409.62
Romance,179,7.9,7.1,82,April,676.44
Animation,294,1.4,2.8,69,March,1204.74
Horror,197,6.8,7.7,9,October,824.93
Drama,123,3.0,10.0,84,May,820.73
Drama,222,7.0,7.0,28,April,849.04
Thriller,118,5.2,5.4,26,September,567.82
Sci-Fi,149,8.0,9.3,82,August,906.68
Comedy,30,2.1,1.1,83,November,459.54
Comedy,140,6.6,7.6,3,July,641.3
Romance,236,3.5,9.0,73,August,1174.17
Thriller,80,8.7,1.6,95,May,521.24
Action,293,9.4,5.1,49,April,834.97
Romance,5,10.0,2.8,17,July,277.56
Thriller,151,8.2,6.1,63,January,669.91
Sci-Fi,291,7.8,6.8,55,June,1219.04
Sci-Fi,146,2.9,3.7,23,August,422.97
Sci-Fi,57,4.0,5.1,34,July,297.04
Sci-Fi,73,5.2,3.5,69,February,435.37
Sci-Fi,94,8.0,4.3,15,July,396.81
Thriller,224,9.2,2.4,47,June,773.52
Thriller,196,2.7,9.0,3,May,493.88
Drama,67,9.3,1.1,83,April,641.63
Animation,77,7.3,8.9,28,January,375.61
Comedy,165,6.5,6.1,3,February,707.74
Horror,173,2.8,4.0,4,July,559.84
Sci-Fi,93,1.5,7.5,88,October,771.86
Action,180,6.1,5.6,31,March,543.11
Horror,273,6.9,5.5,45,May,705.65
Thriller,77,2.9,2.0,59,August,284.22
Action,249,6.0,4.5,45,August,627.08
Action,81,8.7,3.2,75,June,545.16
Action,163,8.5,1.1,37,May,496.68
Drama,102,9.3,4.2,65,February,646.72
Thriller,106,4.3,1.8,9,September,299.25
Action,136,3.9,3.3,17,January,399.01
Sci-Fi,106,7.7,1.8,65,November,511.05
Romance,23,4.9,1.9,3,February,160.93
Action,86,1.8,2.8,26,January,500.1
Drama,283,3.5,10.0,53,December,925.32
Horror,133,4.8,1.0,31,April,411.88
Thriller,93,3.6,6.7,26,April,540.93
Animation,217,4.0,2.3,23,May,469.58
Drama,147,3.6,9.3,30,May,704.7
Action,69,1.4,1.8,10,August,168.27
Thriller,80,6.7,9.6,72,November,671.05
Romance,203,6.4,6.5,89,November,825.4
Action,147,6.9,1.0,64,March,707.13
Drama,97,2.7,9.0,22,June,413.6
Comedy,228,3.7,5.7,15,December,813.5
Sci-Fi,295,6.6,3.4,56,December,844.78
Animation,106,6.4,7.9,74,March,540.03
Horror,271,5.6,9.3,20,February,1136.13
Drama,114,4.2,5.4,47,August,605.04
Thriller,269,9.2,3.8,87,January,1275.62
Animation,7,4.1,8.1,53,September,403.05
Animation,89,5.1,7.1,53,November,674.59
Animation,286,7.1,9.0,1,July,918.47
Action,121,5.9,7.2,2,December,606.27
Sci-Fi,225,4.1,3.2,58,October,982.09
Action,158,4.9,9.4,19,December,541.68
Thriller,157,8.2,1.9,62,November,734.7
Action,16,3.5,3.4,78,April,388.34
Comedy,137,2.3,5.7,72,March,518.86
Sci-Fi,297,3.8,6.1,12,June,951.34
Sci-Fi,232,8.6,1.1,26,September,600.67
Thriller,275,1.8,8.0,27,September,1027.36
Horror,47,9.9,4.3,29,April,364.92
Comedy,25,5.9,4.7,15,October,206.89
Drama,111,9.9,8.3,46,May,662.08
Action,121,9.5,4.4,1,November,505.74
Romance,128,5.1,1.4,60,September,735.26
Action,285,2.8,2.6,92,February,1274.45
Animation,296,2.5,9.6,57,February,931.13
Action,207,3.2,1.6,3,May,401.79
Drama,55,7.4,4.2,18,January,342.46
Action,275,3.5,5.5,52,August,1004.2
Comedy,281,4.1,5.4,60,May,977.03
Comedy,145,5.0,1.0,34,December,470.02
Sci-Fi,279,9.2,5.5,96,October,1153.06
Thriller,294,2.7,4.5,93,February,1054.25
Horror,56,1.0,9.7,89,December,426.2
Romance,31,1.5,2.4,60,September,321.7
Animation,161,9.1,4.2,26,February,807.88
Action,243,6.8,4.8,72,July,888.78
Action,160,3.5,4.5,19,August,455.59
Drama,295,2.6,7.0,22,June,1150.66
Thriller,140,3.6,2.9,93,November,830.49
Comedy,148,2.0,3.0,33,July,438.38
Romance,110,9.5,7.6,38,November,610.09
Sci-Fi,162,8.1,5.5,35,January,644.38
Comedy,150,5.2,4.7,67,April,780.87
Animation,6,8.8,2.5,83,July,292.16
Thriller,81,3.2,2.7,10,January,427.78
Animation,136,7.5,1.1,91,January,578.25
Horror,94,8.7,1.8,15,November,406.29
Sci-Fi,267,4.2,6.0,11,June,1036.65
Horror,112,7.8,9.0,90,April,807.8
Drama,78,3.7,3.6,24,March,320.4
Animation,43,3.7,3.9,77,December,283.36
Drama,163,2.0,2.0,96,May,567.24
Action,75,5.0,4.5,4,September,291.88
Horror,245,7.6,1.3,13,October,814.22
Thriller,40,9.5,9.3,73,October,515.39
Animation,88,6.4,7.1,57,December,527.64
Romance,267,8.8,9.9,98,December,1405.18
Sci-Fi,176,8.4,8.9,37,November,666.08
Comedy,177,2.6,5.3,48,October,570.0
Thriller,51,5.4,5.7,71,March,360.38
Thriller,145,2.1,2.7,1,May,464.65
Drama,122,7.1,5.2,60,October,666.72
Horror,281,9.5,9.1,12,May,1019.7
Animation,218,2.2,1.5,21,September,753.38
Animation,224,7.6,8.8,11,November,900.59
Action,30,6.7,4.1,44,December,292.2
Action,13,6.3,9.1,58,October,460.45
Sci-Fi,275,4.5,9.5,44,November,1322.85
Drama,14,4.2,7.0,78,April,478.92
Thriller,125,1.4,7.0,98,January,691.17
Animation,129,3.0,5.1,34,October,538.23
Romance,174,1.1,8.5,25,May,620.76
Drama,76,6.2,9.7,4,January,352.25
Sci-Fi,156,2.0,8.0,64,June,935.92
Sci-Fi,212,8.9,6.6,90,December,918.71
Drama,53,5.7,6.5,16,October,409.96
Sci-Fi,158,7.3,8.6,10,October,556.47
Drama,297,4.7,5.9,66,July,1057.99
Comedy,72,6.0,8.2,35,January,284.4
Drama,54,9.5,5.6,83,October,529.17
Horror,156,1.7,1.6,6,April,410.17
Drama,23,3.3,4.5,19,September,194.05
Sci-Fi,104,8.0,5.0,59,January,478.97
Animation,64,1.9,2.3,53,September,385.07
Horror,171,1.7,1.9,8,August,375.44
Sci-Fi,206,4.3,5.8,78,May,800.9
Action,150,1.8,1.8,10,June,468.0
Action,168,6.3,3.7,67,July,784.35
Animation,246,3.0,7.7,38,April,958.18
Animation,73,9.1,9.7,29,June,481.67
Horror,179,8.1,7.5,15,July,498.93
Comedy,53,7.3,9.9,87,November,703.24
Animation,112,6.6,7.3,23,June,524.65
Action,230,8.8,3.6,82,November,1122.47
Drama,165,3.0,7.0,46,December,703.12
Sci-Fi,123,8.9,7.3,83,June,685.76
Action,153,8.1,4.3,28,February,443.15
Action,154,7.7,1.2,26,May,666.63
Comedy,297,6.1,7.3,10,March,1146.18
Horror,147,3.2,1.2,47,July,701.86
Horror,164,4.8,6.7,4,April,478.46
Thriller,15,8.1,2.5,55,January,250.33
Comedy,142,1.3,6.1,66,December,827.87
Drama,82,8.0,5.5,67,December,519.15
Horror,81,3.2,1.1,7,June,204.57
Sci-Fi,258,2.3,4.3,55,June,1081.29
Animation,262,2.0,6.4,80,July,1104.2
Comedy,295,1.2,8.6,31,November,807.23
Animation,267,5.7,9.0,74,August,991.23
Action,89,3.0,5.4,19,March,281.22
Sci-Fi,150,9.9,7.6,28,June,592.8
Sci-Fi,46,6.2,3.8,81,October,483.04
Action,129,2.2,4.1,28,February,420.54
Comedy,171,7.2,2.8,19,September,663.23
Action,245,9.1,6.1,87,February,1276.3
Animation,284,7.7,3.8,20,March,621.36
Thriller,192,1.7,1.8,13,December,544.59
Sci-Fi,23,9.1,7.2,77,October,477.56
Romance,72,8.1,7.4,43,December,614.4
Romance,222,2.4,4.2,11,December,748.25
Animation,106,1.5,1.7,48,February,530.64
Drama,46,6.0,4.8,15,September,228.4
Horror,292,2.4,5.0,17,January,904.12
Action,171,8.5,7.0,54,May,1050.81
Action,113,4.2,3.8,50,January,622.71
Drama,40,9.2,7.1,28,May,480.25
Drama,236,6.1,8.8,83,August,857.8
Animation,233,2.6,3.1,4,August,909.57
Animation,168,2.3,9.8,22,November,724.8
Drama,77,6.2,4.5,86,August,512.76
Sci-Fi,140,7.9,3.4,39,February,597.74
Animation,74,8.0,4.8,34,August,421.65
Thriller,200,3.5,1.8,97,December,671.98
Animation,273,2.8,2.1,44,May,625.35
Action,53,1.2,4.7,42,January,279.04
Animation,134,7.1,7.9,40,July,570.51
Sci-Fi,9,1.7,9.1,97,June,450.5
Drama,31,4.8,7.0,12,May,237.31
Action,164,6.4,1.9,2,January,369.31
Animation,153,9.4,7.0,28,January,800.25
Sci-Fi,268,3.8,6.7,74,June,1073.05
Thriller,234,3.2,8.3,86,October,1255.52
Animation,204,6.9,8.4,81,December,1037.92
Sci-Fi,54,6.6,8.8,90,July,572.87
Thriller,71,4.0,4.7,67,October,455.68
Drama,62,9.4,7.3,71,October,550.6
Animation,263,8.6,3.4,72,January,878.46
Thriller,134,3.0,10.0,84,September,634.75
Action,219,3.2,2.6,76,April,683.69
Drama,176,5.6,1.1,99,May,801.78
Action,262,8.0,2.3,81,February,959.14
Romance,106,1.4,8.0,92,December,694.52
Comedy,213,7.2,5.0,10,October,574.75
Animation,295,6.8,5.0,86,August,1203.45
Thriller,290,3.1,9.6,57,February,1127.59
Comedy,120,7.1,9.3,97,March,858.71
Comedy,268,9.5,3.8,86,December,814.54
Thriller,154,1.4,2.9,37,September,331.94
Drama,40,3.9,8.6,77,February,439.26
Animation,291,4.9,9.2,91,June,1048.28
Romance,212,9.1,5.9,64,December,797.93
Action,110,9.7,6.7,79,April,793.53
Sci-Fi,162,5.0,3.3,86,July,765.22
Action,125,7.8,8.2,94,June,637.09
Sci-Fi,59,5.8,6.7,40,October,452.9
Action,16,5.8,5.5,98,September,506.75
Thriller,149,3.5,1.5,60,September,576.03
Romance,140,3.0,9.2,98,October,906.64
Animation,7,3.6,6.5,48,April,330.02
Sci-Fi,148,6.0,2.7,99,January,767.65
Animation,34,1.3,6.5,19,February,192.57
Animation,241,9.2,7.1,72,August,1274.34
Animation,283,2.4,5.7,33,October,600.44
Horror,119,3.0,7.5,44,August,663.49
Drama,108,5.7,6.2,92,February,609.07
Action,122,7.4,9.5,37,April,518.76
Animation,9,1.9,1.5,89,January,289.24
Action,252,3.9,2.0,36,July,859.62
Animation,125,9.7,2.6,81,April,528.02
Sci-Fi,290,3.4,7.2,88,November,950.08
Drama,153,3.8,6.8,21,August,556.07
Drama,88,8.5,9.0,2,September,420.44
Thriller,235,1.5,7.6,31,December,788.0
Horror,292,5.2,5.6,97,September,1036.07
Thriller,165,4.4,9.9,30,March,413.7
Thriller,276,3.8,3.4,76,May,1037.86
Thriller,42,3.6,8.5,44,June,395.77
Thriller,230,1.8,4.8,12,June,717.27
Thriller,146,3.8,6.8,51,October,622.03
Romance,296,1.4,7.5,49,August,876.7
Drama,155,8.0,6.7,24,June,584.02
Thriller,118,4.6,2.3,24,June,331.19
Animation,241,5.0,5.0,60,April,1194.88
Drama,70,9.0,6.1,11,July,505.19
Drama,262,6.9,8.6,13,August,761.09
Comedy,253,1.1,5.0,91,March,953.51
Romance,184,9.5,9.3,72,July,895.03
Thriller,194,3.1,5.0,74,March,544.8
Action,158,2.0,5.9,72,August,686.24
Sci-Fi,200,7.9,8.2,64,January,929.88
Horror,266,5.5,6.2,20,January,811.96
Animation,147,4.9,9.6,72,June,771.35
Action,105,3.2,6.9,73,October,574.4
Romance,248,5.9,5.7,71,September,1148.86
Sci-Fi,16,3.5,1.2,78,December,388.09
Romance,243,9.1,4.7,28,April,621.75
Animation,53,2.9,3.7,2,June,314.92
Drama,46,9.0,7.7,43,December,410.96
Sci-Fi,170,6.0,2.9,8,May,567.5
Drama,86,8.5,2.8,13,December,279.67
Animation,295,7.4,2.7,85,January,1156.16
Action,162,7.3,2.1,92,June,731.25
Animation,220,3.9,3.8,35,September,877.98
Action,162,3.1,9.0,23,December,829.79
Sci-Fi,138,2.9,8.0,46,March,672.15
Sci-Fi,71,8.7,7.6,15,November,546.67
Thriller,11,8.4,8.2,2,March,321.47
Romance,18,5.0,3.4,61,February,372.96
Thriller,77,2.2,9.0,76,April,531.3
Romance,167,4.4,2.2,64,October,644.9
Thriller,70,6.6,4.0,52,March,408.9
Drama,134,5.1,6.3,36,December,343.18
Sci-Fi,210,8.0,1.9,67,February,610.39
Action,280,10.0,7.6,69,January,1055.81
Romance,260,2.7,4.5,67,March,1110.99
Animation,270,5.1,8.1,47,October,1000.76
Romance,29,4.9,5.4,83,June,507.63
Action,285,3.7,2.6,2,September,591.97
Thriller,257,2.8,7.6,44,November,922.64
Romance,293,1.6,3.3,64,May,947.66
Horror,168,9.0,5.4,81,March,886.75
Drama,99,4.8,1.7,78,May,528.83
Sci-Fi,274,5.5,6.6,28,May,690.27
Action,114,9.3,7.0,91,May,660.81
Sci-Fi,242,8.0,4.4,54,December,859.16
Horror,29,2.2,9.6,74,December,437.31
Romance,145,6.1,8.9,67,July,784.31
Romance,121,5.0,7.4,36,May,655.02
Animation,29,8.2,7.4,63,July,387.88
Horror,83,7.5,3.3,25,September,434.88
Action,72,7.2,6.9,86,May,699.97
Animation,177,4.1,2.8,48,February,560.17
Drama,16,8.2,2.3,39,May,373.02
Animation,292,1.5,10.0,47,August,1261.5
Comedy,132,2.4,6.6,94,December,516.88
Action,100,4.0,4.9,21,April,376.96
Comedy,96,1.7,3.6,30,February,362.1
Horror,145,3.1,6.4,92,October,616.99
Thriller,35,8.5,1.4,31,March,201.85
Comedy,24,9.5,1.9,26,September,227.85
Drama,150,3.7,1.3,22,September,495.78
Animation,164,3.4,5.5,21,August,685.15
Thriller,47,3.5,6.4,1,August,228.5
Animation,258,3.5,1.6,37,August,877.64
Comedy,134,1.3,7.5,77,August,837.82
Animation,64,9.3,3.1,85,August,604.93
Horror,155,2.9,7.2,46,January,584.13
Thriller,291,4.8,9.8,9,June,985.07
Horror,9,1.1,7.2,17,December,150.39
Comedy,270,8.7,8.9,47,September,1107.45
Horror,134,7.6,9.5,85,August,890.24
Drama,271,9.5,5.4,95,March,1089.8
Comedy,182,8.0,7.3,59,November,883.52
Comedy,257,3.8,8.7,54,January,706.11
Comedy,60,3.2,4.2,86,February,652.5
Action,87,7.3,3.4,12,November,367.87
Animation,103,4.3,9.5,64,February,505.19
Action,153,6.1,7.5,6,July,555.91
Action,160,1.1,3.0,53,December,562.36
Drama,194,1.6,5.0,16,June,408.34
Thriller,267,5.8,8.2,90,November,1420.71
Animation,84,6.1,5.9,5,February,179.75
Horror,256,7.8,6.8,73,August,1235.42
Romance,101,2.2,7.8,46,September,578.77
Comedy,264,5.6,6.6,14,July,822.23
Horror,264,2.8,5.9,44,April,929.88
Comedy,107,1.8,7.7,63,January,582.33
Drama,44,4.7,7.5,94,April,485.62
Comedy,277,2.5,6.7,52,April,1006.66
Action,105,3.0,4.2,26,August,394.11
Animation,225,3.9,4.7,53,April,921.76
Romance,128,3.3,9.7,29,April,706.27
Sci-Fi,235,1.8,2.0,19,February,574.45
Comedy,182,1.8,3.4,47,December,580.77
Horror,67,2.7,5.4,8,October,275.65
Action,120,1.5,8.5,23,July,599.97
Sci-Fi,195,6.6,2.5,35,April,844.4
Romance,66,3.6,3.5,95,November,447.28
Sci-Fi,260,3.5,1.6,53,June,651.78
Action,11,4.0,7.4,99,March,477.01
Animation,159,7.0,3.1,96,July,759.78
Animation,96,8.8,4.5,58,June,442.03
Thriller,18,7.8,5.0,5,March,207.9
Animation,233,7.5,9.0,16,April,754.81
Thriller,90,5.4,4.7,17,October,310.28
Sci-Fi,137,7.2,2.3,32,May,669.86
Drama,187,6.0,5.7,96,September,881.59
Horror,66,2.9,9.7,52,June,486.55
Horror,223,2.9,6.5,20,April,423.56
Sci-Fi,250,3.7,9.9,66,November,984.61
Comedy,234,9.2,8.6,84,November,1328.61
Comedy,83,5.9,1.3,82,July,565.67
Animation,153,7.6,6.9,1,February,453.58
Horror,142,4.1,3.6,58,April,604.08
Horror,69,4.7,6.0,93,May,558.91
Thriller,17,2.1,3.5,93,April,406.44
Drama,217,2.5,4.1,83,April,823.25
Action,246,8.4,9.3,44,November,1070.93
Comedy,217,6.3,2.9,6,September,493.42
Horror,185,4.0,8.9,50,November,828.46
Thriller,177,8.2,1.3,72,February,864.08
Romance,164,3.2,1.8,88,June,787.0
Thriller,168,9.8,8.7,20,August,669.52
Comedy,192,4.1,6.7,14,August,596.38
Comedy,195,4.0,7.7,5,November,723.16
Thriller,260,3.8,2.9,41,July,672.42
Action,187,2.1,5.8,40,October,616.6
Sci-Fi,121,2.0,7.6,34,November,329.87
Comedy,286,6.8,6.6,80,April,750.77
Thriller,200,8.9,5.2,45,July,991.43
Horror,38,8.1,9.6,71,October,473.22
Thriller,56,2.3,7.1,80,June,468.15
Drama,116,5.9,9.2,71,November,501.36
Sci-Fi,256,2.0,7.6,27,June,850.28
Romance,86,1.4,7.6,78,February,453.65
Action,236,6.9,1.7,78,August,1026.13
Animation,231,5.8,4.2,44,August,951.7
Romance,237,1.7,8.7,33,November,609.99
Sci-Fi,225,1.3,3.1,33,July,897.72
Sci-Fi,46,9.9,2.0,44,November,316.66
Sci-Fi,25,1.3,3.9,20,September,169.62
Romance,46,5.0,3.0,36,August,384.19
Horror,117,5.5,9.3,7,September,507.31
Sci-Fi,109,2.1,8.8,32,September,586.95
Thriller,196,2.5,5.5,67,June,709.82
Romance,21,4.2,1.6,39,February,142.45
Animation,124,7.9,7.4,93,December,757.47
Sci-Fi,133,5.6,6.6,24,July,615.01
Thriller,134,6.7,9.7,86,March,769.15
Horror,64,9.9,6.0,70,July,459.13
Drama,52,7.9,4.0,88,September,387.95
Horror,33,4.9,5.7,87,October,345.12
Animation,101,5.0,9.8,54,October,464.5
Sci-Fi,14,6.6,7.3,38,February,311.49
Animation,246,7.0,7.0,74,June,1013.16
Romance,236,5.5,3.2,80,June,1133.12
Comedy,281,6.8,7.7,75,September,908.13
Sci-Fi,288,1.2,7.8,32,September,1133.79
Comedy,207,4.9,3.9,45,May,522.27
Thriller,251,3.5,5.4,61,May,760.64
Drama,294,2.2,3.7,70,September,1181.96
Action,268,1.9,3.3,88,August,1201.93
Animation,218,6.4,1.2,97,July,762.61
Horror,204,5.7,3.6,53,August,725.69
Drama,83,3.3,6.0,51,June,472.85
Sci-Fi,177,5.2,1.0,76,March,548.75
Comedy,73,5.4,3.5,56,July,595.89
Horror,91,2.8,8.9,27,August,479.07
Comedy,105,6.9,6.3,38,August,575.25
Romance,12,8.0,6.5,62,January,434.45
Comedy,204,8.1,4.6,18,July,794.44
Romance,91,6.4,7.1,64,March,557.93
Thriller,47,5.6,2.7,77,February,355.93
Horror,113,1.5,8.4,30,February,401.13
Horror,156,3.6,2.1,49,August,755.37
Action,21,1.8,6.9,41,September,179.29
Sci-Fi,137,9.7,4.1,13,March,649.52
Romance,152,2.2,7.7,34,March,510.67
Action,281,2.4,5.9,94,June,877.46
Comedy,236,9.0,5.1,25,November,1071.93
Comedy,232,9.5,2.5,66,October,680.23
Action,143,7.9,6.7,18,January,575.57
Horror,215,1.0,9.8,5,June,626.59
Comedy,32,1.0,8.4,19,December,377.86
Animation,55,4.4,1.5,42,March,346.35
Thriller,265,2.3,4.4,18,November,850.18
Thriller,265,1.2,9.3,32,April,704.73
Animation,12,5.2,5.5,21,September,215.18
Action,142,9.5,7.0,10,March,595.99
Animation,42,3.9,9.2,37,January,450.42
Romance,115,7.0,8.9,49,March,620.7
Romance,224,6.9,5.5,86,July,1046.21
Action,227,3.3,4.9,13,July,707.51
Animation,140,6.9,4.1,55,November,591.2
Romance,260,2.9,7.5,17,May,676.78
Horror,53,2.1,3.6,9,January,214.54
Animation,296,7.3,3.2,88,November,1143.93
Horror,82,2.0,4.2,44,August,378.28
Romance,109,10.0,2.6,78,October,880.31
Thriller,173,2.7,7.3,46,August,640.18
Romance,221,6.3,6.5,8,October,810.73
Horror,123,4.7,5.3,37,December,680.92
Drama,194,2.1,4.5,19,October,698.43
Sci-Fi,259,1.3,9.2,63,October,1246.88
Comedy,270,6.6,1.3,92,February,1130.37
Animation,153,8.3,7.9,46,October,503.25
Drama,168,8.6,9.1,94,March,996.67
Romance,144,5.3,5.0,71,April,526.8
Thriller,262,8.0,6.0,26,January,834.08
Action,273,7.1,9.5,46,April,868.03
Romance,185,7.5,2.9,46,May,776.43
Thriller,164,5.4,5.7,75,March,678.21
Sci-Fi,292,6.7,5.3,14,November,774.63
Romance,292,8.2,3.3,85,October,944.86
Horror,230,4.6,8.4,63,February,1124.86
Action,15,8.3,9.1,72,June,483.06
Thriller,14,6.3,8.0,3,August,208.61
Thriller,275,2.5,2.8,28,July,723.37
Thriller,277,1.2,1.8,29,November,1152.92
Sci-Fi,187,4.3,6.4,87,January,964.46
Romance,157,5.9,1.5,18,April,542.15
Sci-Fi,128,8.6,7.1,35,March,779.5
Animation,118,2.1,5.8,77,June,638.39
Comedy,282,8.2,7.0,76,September,1389.61
Comedy,217,8.8,6.3,47,September,693.75
Animation,176,2.4,4.8,5,July,393.72
Romance,292,8.7,2.8,75,December,899.36
Horror,178,9.9,3.8,59,September,771.47
Sci-Fi,117,7.5,5.7,75,August,713.31
Action,126,8.1,6.9,59,May,624.18
Thriller,36,9.9,8.0,47,September,570.71
Thriller,226,6.4,7.9,95,July,1015.74
Romance,123,3.8,9.8,95,May,728.54
Horror,43,8.5,3.6,13,August,228.09
Comedy,272,6.5,1.6,78,July,1155.26
Comedy,237,6.2,4.1,89,September,1127.95
Thriller,22,3.3,7.7,33,October,242.43
Romance,153,7.8,4.9,97,January,729.86
Sci-Fi,153,1.7,8.4,62,September,612.21
Comedy,130,9.3,5.9,79,July,686.14
Sci-Fi,242,3.9,9.4,16,January,1069.49
Horror,139,2.1,9.5,44,January,457.46
Comedy,155,5.0,1.6,58,May,792.38
Comedy,240,1.4,5.1,6,August,743.35
Drama,228,7.2,6.5,89,September,770.89
Comedy,207,9.1,3.3,15,December,850.78
Animation,260,8.5,4.7,4,June,825.72
Action,90,2.1,7.1,56,December,472.23
Animation,154,2.1,3.0,64,October,574.31
Romance,239,8.3,6.4,68,December,833.0
Romance,26,9.3,7.3,94,August,559.68
Sci-Fi,289,5.1,1.8,34,June,923.39
Animation,273,5.5,5.5,91,November,1234.06
Animation,262,3.9,3.4,95,June,814.88
Animation,33,9.0,7.5,56,April,355.97
Horror,217,6.8,2.7,32,November,428.34
Comedy,287,3.6,9.0,9,May,844.25
Action,54,3.7,4.9,63,February,436.82
Sci-Fi,99,9.0,2.8,72,March,615.21
Animation,92,1.1,4.9,78,March,532.1
Animation,48,3.9,4.7,33,December,320.4
Drama,282,6.0,4.9,87,November,1253.49
Sci-Fi,175,2.3,6.3,21,May,398.35
Animation,193,1.8,5.7,55,May,782.37
Sci-Fi,188,8.3,2.3,76,June,653.27
Comedy,7,9.0,1.6,57,May,347.72
Drama,195,8.4,7.6,2,December,567.83
Sci-Fi,122,9.1,6.0,13,June,535.44
Action,23,6.0,4.2,4,August,183.89
Action,27,8.3,8.3,84,February,471.49
Romance,34,4.5,4.5,50,April,326.25
Drama,299,7.0,8.2,48,June,1350.14
Drama,112,9.9,3.8,78,December,803.58
Romance,285,3.0,1.7,30,May,1090.18
Sci-Fi,132,4.5,9.4,29,January,556.87
Drama,233,5.3,4.6,8,September,618.46
Action,115,2.2,8.1,12,March,403.85
Action,140,1.7,3.5,41,February,256.74
Animation,190,8.5,6.8,26,September,721.41
Comedy,148,9.8,8.9,50,July,732.77
Drama,76,4.6,1.4,2,May,397.66
Sci-Fi,133,1.8,8.5,55,December,647.6
Romance,265,1.6,6.1,56,June,775.5
Romance,7,9.0,6.5,14,December,213.38
Sci-Fi,108,5.2,5.7,6,November,376.79
Horror,228,3.9,8.9,95,April,915.31
Thriller,14,5.3,1.4,81,January,387.82
Comedy,235,3.9,3.3,89,April,714.98
Romance,223,5.4,8.9,61,September,839.05
Drama,70,8.7,7.8,96,January,587.18
Comedy,116,6.3,1.2,12,October,539.21
Drama,17,7.3,5.7,13,March,250.6
Horror,90,4.3,5.8,19,May,286.8
Action,238,7.6,4.6,44,July,619.16
Comedy,94,7.0,3.7,89,September,730.4
Animation,58,2.1,7.1,95,June,478.56
Romance,16,6.2,2.9,59,March,352.26
Comedy,213,3.3,8.2,37,July,608.17
Comedy,18,8.2,8.2,25,April,342.27
Comedy,125,4.8,4.7,16,March,571.46
Thriller,24,10.0,3.6,38,July,362.78
Comedy,79,1.8,3.6,43,November,349.19
Drama,247,8.0,5.3,87,November,841.22
Action,227,7.1,7.5,14,July,674.97
Horror,74,7.9,4.2,6,April,420.59
Sci-Fi,215,3.8,6.5,89,December,1142.47
Comedy,105,5.4,4.4,23,July,458.54
Romance,190,8.2,3.7,60,November,794.3
Comedy,136,3.1,1.2,12,February,548.48
Romance,115,3.0,1.0,13,January,449.16
Drama,136,6.0,3.0,98,December,764.55
Romance,24,5.7,4.7,6,February,262.06
Animation,28,3.5,8.7,63,April,422.82
Sci-Fi,231,3.7,8.2,38,August,877.82
Action,158,3.5,3.4,50,March,513.96
Romance,297,7.9,3.2,52,October,1276.2
Romance,234,6.9,3.0,40,June,777.32
Action,206,8.5,4.1,8,June,899.39
Sci-Fi,42,9.8,5.5,61,September,476.64
Comedy,264,5.3,4.9,8,September,994.71
Romance,192,1.6,3.0,97,April,622.49
Action,61,1.4,2.2,34,September,354.88
Animation,24,3.7,1.1,79,June,446.67
Animation,277,9.4,2.4,60,February,963.42
Drama,123,5.7,7.3,57,October,783.72
Action,75,3.4,3.2,99,November,642.08
Drama,8,4.6,5.2,46,June,253.25
Animation,225,6.4,6.3,22,February,968.17
Sci-Fi,18,6.9,9.0,87,August,417.91
Comedy,7,2.4,9.0,40,April,237.5
Action,220,9.8,7.7,45,May,671.93
Horror,233,5.9,1.3,55,August,1046.02
Animation,190,2.2,6.2,51,November,796.67
Animation,59,9.0,8.1,86,August,643.23
Horror,258,1.7,1.2,5,December,457.31
Thriller,28,9.2,5.9,95,December,581.96
Animation,166,10.0,8.7,13,June,447.81
Romance,162,7.3,5.3,28,April,451.14
Sci-Fi,86,7.9,1.0,84,January,647.27
Action,163,4.0,1.1,97,December,656.09
Horror,192,9.5,4.7,80,July,796.73
Romance,64,5.8,2.4,62,August,417.14
Horror,215,7.6,7.0,93,September,714.91
Action,156,9.3,7.4,87,February,780.98
Drama,113,9.8,2.6,24,January,346.79
Action,80,8.5,9.0,98,April,702.74
Thriller,34,3.7,5.0,7,May,173.73
Action,121,9.7,2.3,38,October,634.14
Action,196,6.7,7.9,37,December,705.48
Thriller,23,9.4,8.1,68,January,375.07
Sci-Fi,177,7.1,6.8,98,May,717.71
Animation,232,3.8,8.7,42,June,798.75
Action,187,4.3,7.6,86,March,1002.62
Thriller,117,6.0,8.9,5,December,416.35
Romance,187,8.1,4.9,64,July,678.72
Drama,150,3.9,7.7,50,June,524.3
Drama,120,6.2,10.0,87,April,825.32
Action,117,4.1,7.5,15,March,448.41
Sci-Fi,255,8.3,2.0,95,May,1093.61
Sci-Fi,255,5.2,5.7,73,March,1266.48
Romance,122,1.7,6.3,53,October,578.87
Action,165,2.5,2.6,25,September,528.55
Drama,202,1.5,9.7,89,September,709.89
Sci-Fi,264,5.5,2.6,85,June,1054.57
Action,152,2.0,2.6,9,November,463.12
Horror,244,2.0,9.2,38,June,850.18
Sci-Fi,51,9.5,5.2,22,December,270.22
Thriller,202,8.9,1.6,87,April,938.54
Horror,51,5.1,6.4,49,April,464.9
Animation,82,9.9,6.4,68,February,560.82
Sci-Fi,128,1.0,1.6,93,October,590.86
Drama,79,6.5,9.8,15,April,443.47
Comedy,141,6.5,5.9,65,August,643.1
Horror,94,5.1,6.0,54,October,598.45
Animation,65,4.6,5.7,30,February,242.67
Romance,142,5.1,6.5,93,September,829.65
Romance,54,4.7,3.4,20,January,277.57
Drama,263,7.6,3.6,33,February,712.24
Sci-Fi,111,2.2,5.6,86,February,535.37
Action,117,2.8,8.3,77,November,586.89
Sci-Fi,258,2.6,1.4,7,June,969.62
Drama,122,3.4,6.4,8,July,533.04
Romance,202,5.7,8.3,28,March,542.56
Sci-Fi,55,2.0,2.4,45,November,211.12
Romance,249,8.8,1.1,73,September,1107.12
Horror,39,3.7,3.8,89,May,380.09
Animation,73,2.5,6.3,80,May,399.19
Action,53,7.1,2.2,74,November,407.13
Horror,78,1.3,4.8,11,December,341.92
Romance,196,6.6,6.0,31,April,587.01
Romance,265,7.3,6.4,12,September,1056.42
Comedy,74,2.9,3.5,95,August,569.83
Comedy,94,1.4,4.6,78,December,609.53
Horror,264,4.3,8.0,51,April,1123.32
Thriller,130,1.9,9.5,44,April,519.82
Horror,235,2.0,8.8,96,February,799.08
Comedy,299,3.3,6.1,50,September,868.28
Romance,133,3.7,4.7,17,March,442.37
Drama,284,5.8,4.0,35,April,1270.04
Horror,104,7.1,2.1,1,July,373.79
Romance,186,6.3,2.0,29,October,748.27
Drama,178,2.3,7.2,51,August,705.11
Drama,192,2.5,3.3,64,August,721.6
Comedy,61,8.9,3.3,4,April,309.7
Horror,35,6.0,10.0,87,July,500.15
Sci-Fi,88,8.8,2.7,28,October,224.71
Action,156,4.3,2.3,16,January,527.72
Comedy,40,6.5,1.9,63,June,402.32
Comedy,217,5.7,6.2,76,June,962.9
Sci-Fi,110,3.9,6.7,53,June,513.6
Action,224,5.2,4.3,85,December,791.87
Romance,167,5.5,5.8,17,February,491.08
Thriller,224,2.8,8.1,40,August,815.21
Horror,274,3.8,8.4,13,May,731.23
Thriller,124,8.1,9.6,52,May,769.6
Romance,186,9.2,8.4,58,February,806.29
Animation,110,4.2,6.1,96,April,668.12
Comedy,221,3.8,2.6,37,December,930.64
Action,209,2.8,1.9,79,September,958.64
Comedy,74,7.1,1.5,76,September,540.7
Drama,48,3.9,7.0,61,June,361.72
Comedy,232,9.9,8.3,79,November,834.45
Comedy,188,3.9,5.6,34,September,563.05
Romance,111,4.5,1.5,70,April,483.81
Romance,88,6.4,5.8,17,November,485.73
Romance,254,8.2,9.4,20,January,1011.2
Thriller,25,5.2,6.4,73,February,386.63
Drama,200,4.8,8.3,59,January,762.53
Animation,182,10.0,8.2,69,August,618.11
Animation,11,1.1,9.4,87,September,383.36
Romance,74,9.1,7.9,33,October,500.44
Action,131,2.3,7.7,78,December,651.96
Thriller,164,8.1,3.1,17,June,759.67
Sci-Fi,252,6.6,1.5,57,February,723.47
Action,207,4.1,5.7,83,June,691.87
Horror,152,8.9,2.1,97,September,601.77
Horror,147,1.1,9.7,1,December,491.53
Action,203,3.0,3.6,13,March,660.03
Romance,158,6.1,8.7,27,September,633.92
Sci-Fi,146,4.2,4.5,70,February,788.63
Sci-Fi,169,6.5,3.9,59,November,663.21
Thriller,25,1.2,9.4,6,May,223.38
Sci-Fi,86,2.0,4.3,97,November,603.78
Horror,73,2.1,4.5,94,February,446.94
Drama,135,2.7,2.0,99,July,715.23
Romance,91,5.1,7.0,23,November,295.47
Sci-Fi,222,7.8,3.6,10,October,728.14
Thriller,165,9.1,6.3,51,September,835.64
Horror,182,8.5,6.3,19,July,665.24
Drama,121,2.8,7.5,51,December,621.76
Comedy,200,5.0,7.7,92,May,914.84
Comedy,90,2.8,5.6,87,April,697.51
Drama,293,3.4,4.0,68,December,1205.88
Horror,85,5.5,8.5,84,April,653.3
Thriller,156,1.6,3.8,83,October,767.29
Drama,65,3.0,5.6,42,August,449.98
Romance,65,9.4,4.6,91,October,583.13
Romance,32,5.2,8.7,57,October,392.35
Comedy,47,5.0,4.9,98,October,582.72
Sci-Fi,173,1.1,4.5,68,October,813.15
Thriller,90,3.2,7.2,38,October,430.3
Comedy,181,8.8,6.4,62,January,737.59
Sci-Fi,21,2.5,2.0,7,May,24.87
Sci-Fi,102,4.7,5.6,71,February,505.5
Animation,202,1.1,7.6,50,November,667.56
Romance,102,5.3,9.9,52,September,595.62
Horror,69,1.2,6.7,26,July,316.22
Action,9,8.4,4.3,26,October,158.17
Horror,6,8.4,3.0,19,August,205.49
Action,26,8.1,8.9,9,June,288.88
Drama,116,3.6,8.3,61,September,461.13
Romance,61,8.5,3.1,20,June,264.86
Sci-Fi,70,5.9,2.8,50,July,403.84
Thriller,102,4.4,7.4,80,July,654.15
Action,148,6.6,3.8,81,September,745.41
Horror,129,1.1,3.8,22,November,336.45
Sci-Fi,171,2.3,2.4,13,August,648.36
Action,90,7.7,3.4,12,January,319.98
Action,80,3.2,4.8,10,April,310.69
Animation,298,6.4,7.6,65,July,971.12
Action,63,4.5,4.0,96,November,428.13
Thriller,142,8.7,4.0,30,August,407.88
Romance,103,9.6,3.6,8,July,503.39
Thriller,196,9.0,5.3,21,December,540.11
Comedy,247,3.4,2.6,22,March,695.69
Sci-Fi,53,2.7,5.4,18,April,261.97
Romance,36,5.3,7.3,66,December,409.11
Animation,281,1.1,1.3,48,July,966.64
Romance,24,1.2,1.1,44,August,246.64
Romance,158,6.0,1.7,9,July,416.93
Horror,72,5.7,5.8,67,June,543.52
Romance,218,10.0,8.7,54,September,955.62
Animation,147,2.8,1.0,26,September,462.17
Thriller,236,3.3,9.4,85,November,896.39
Romance,217,2.0,2.0,94,July,773.92
Drama,83,9.3,8.6,92,August,780.5
Sci-Fi,218,8.0,5.3,26,June,803.17
Romance,120,8.4,6.9,34,January,482.86
Sci-Fi,96,9.1,5.6,8,January,486.26
Drama,274,5.7,5.3,10,June,888.54
Drama,172,5.1,8.5,48,February,720.56
Sci-Fi,62,4.0,7.8,55,August,372.45
Action,288,6.3,5.4,54,January,988.0
Comedy,30,5.1,2.0,78,February,365.23
Horror,70,5.1,2.0,40,August,370.1
Action,252,9.4,8.2,15,December,894.09
Action,258,9.9,5.8,81,June,866.33
Thriller,48,8.2,5.3,18,December,336.18
Horror,101,7.8,7.1,96,October,775.44
Horror,46,7.1,8.7,23,February,332.63
Action,231,2.5,6.7,62,February,914.22
Romance,266,1.5,7.9,46,November,726.37
Thriller,171,7.2,7.9,87,July,1003.08
Thriller,283,7.6,4.2,99,May,1167.26
Drama,93,1.4,3.5,39,May,361.55
Animation,182,9.4,8.2,15,August,820.42
Horror,201,1.8,4.4,53,December,608.38
Action,271,3.6,9.1,88,December,1315.85
Drama,272,7.1,1.6,64,July,921.97
Sci-Fi,78,2.5,1.5,63,December,482.76
Comedy,12,1.5,9.3,92,September,531.46
Animation,168,4.0,6.8,80,April,706.81
Animation,89,7.9,4.4,16,October,499.81
Animation,76,4.7,7.8,70,April,513.0
Thriller,59,6.9,7.1,66,February,456.67
Sci-Fi,51,6.2,5.8,13,March,275.91
Animation,242,1.2,1.9,47,January,650.44
Sci-Fi,108,9.9,8.3,9,January,610.55
Romance,214,1.4,8.8,63,July,826.05
Animation,46,9.7,2.5,34,May,202.51
Comedy,272,5.9,8.7,81,March,1245.87
Sci-Fi,267,9.7,8.9,91,July,962.52
Sci-Fi,263,2.0,5.9,29,February,993.35
Comedy,287,5.4,6.9,37,March,1145.37
Animation,118,2.5,4.4,43,January,596.19
Comedy,44,1.5,3.5,86,August,428.59
Sci-Fi,224,6.6,7.5,64,February,962.67
Comedy,133,2.9,8.8,24,July,581.55
Sci-Fi,12,6.3,6.9,71,November,440.06
Sci-Fi,105,2.0,5.6,34,September,480.64
Romance,180,4.0,2.4,48,June,516.44
Action,111,8.0,1.5,12,February,336.71
Sci-Fi,105,4.9,5.0,23,February,543.44
Animation,264,6.6,1.4,79,September,799.94
Drama,250,6.8,6.1,97,October,850.03
Thriller,279,8.6,4.4,13,August,885.99
Horror,36,3.9,7.8,87,September,335.95
Action,141,7.2,3.8,96,April,821.71
Action,16,9.7,6.3,45,April,376.17
Action,20,7.6,5.8,99,February,338.01
Romance,133,5.4,1.0,65,October,604.92
Sci-Fi,67,6.7,1.7,47,January,382.86
Romance,113,7.7,3.6,58,October,580.07
Sci-Fi,25,6.5,8.9,5,April,252.42
Animation,162,1.2,2.3,77,October,835.69
Romance,273,2.8,7.4,5,October,683.06
Romance,166,8.3,9.8,60,November,626.93
Thriller,264,3.5,8.1,96,August,1153.74
Drama,106,7.6,3.2,21,February,321.27
Romance,227,4.3,9.2,24,December,714.82
Thriller,63,5.7,1.8,18,November,284.3
Comedy,251,1.6,5.2,21,August,610.38
Drama,132,2.6,9.0,54,January,470.93
Animation,287,9.6,6.8,10,January,704.11
Romance,29,9.0,4.7,24,April,267.87
Horror,135,6.9,3.6,85,July,729.53
Action,200,5.1,4.4,89,September,808.82
Comedy,285,7.1,5.6,60,May,1228.82
Comedy,158,6.6,3.9,57,February,661.05
Animation,137,6.1,9.7,23,December,633.46
Thriller,231,1.5,9.4,22,July,634.43
Comedy,193,6.7,8.8,68,November,1018.18
Drama,269,7.9,4.8,34,February,904.51
Romance,138,9.9,7.2,70,September,813.78
Romance,215,1.1,9.1,28,September,916.96
Horror,64,7.6,8.7,95,March,617.21
Animation,217,6.1,4.7,99,August,1003.19
Action,220,4.9,2.0,39,November,905.68
Thriller,230,2.1,1.7,42,April,506.28
Action,135,4.7,6.2,23,March,503.09
Comedy,80,4.2,6.8,70,January,517.25
Animation,290,3.7,8.6,80,May,1143.32
Horror,281,7.6,3.6,2,November,583.36
Action,160,7.3,2.5,24,April,554.01
Drama,252,6.3,4.4,17,January,812.19
Romance,222,9.4,4.2,65,October,882.79
Comedy,194,4.1,2.2,70,August,573.58
Horror,167,3.2,7.1,69,August,864.47
Action,184,6.9,5.6,60,August,888.94
Thriller,38,2.8,7.5,50,March,411.59
Drama,45,3.8,4.2,93,June,630.24
Drama,79,3.0,3.9,12,December,365.26
Action,283,1.6,5.3,47,December,798.66
Romance,180,8.4,8.9,67,July,743.14
Action,154,3.3,1.4,65,September,611.55
Comedy,277,5.3,8.2,27,May,1150.03
Action,112,1.4,4.3,48,September,354.92
Drama,143,7.3,8.7,88,June,1009.8
Horror,275,4.0,8.2,62,October,1022.8
Action,293,7.7,4.1,44,October,946.01
Romance,216,4.7,7.2,19,October,684.64
Animation,276,2.8,2.4,59,April,811.97
Horror,70,5.6,9.1,8,January,430.85
Thriller,252,2.2,4.6,55,January,1126.2
Sci-Fi,160,5.0,5.1,47,October,701.01
Action,51,3.9,7.4,2,May,381.82
Romance,205,9.2,8.4,94,March,1241.3
Horror,152,1.5,3.1,94,May,693.28
Romance,128,7.2,7.0,39,May,617.23
Thriller,5,2.6,4.5,45,January,214.69
Drama,251,3.9,4.3,32,August,906.7
Romance,132,4.7,7.2,65,May,591.55
Horror,195,9.2,4.5,38,May,848.0
Romance,71,3.2,4.1,77,September,437.06
Romance,8,1.8,8.5,11,August,281.49
Romance,298,3.9,1.9,10,January,1015.21
Comedy,147,1.9,7.1,59,March,634.29
Comedy,195,2.2,3.2,90,December,871.32
Drama,25,6.2,1.1,55,July,362.51
Action,231,1.5,2.5,20,January,733.89
Romance,121,1.3,6.5,81,January,687.99
Thriller,146,7.4,7.4,17,May,577.15
Action,43,4.3,1.2,68,September,325.62
Thriller,256,2.1,1.3,5,June,496.55
Action,211,3.3,9.1,60,October,616.42
Drama,214,6.8,1.7,23,February,445.14
Romance,119,3.5,9.0,46,November,524.74
Romance,229,5.5,3.1,52,September,963.37
Sci-Fi,138,2.1,7.7,10,June,467.79
Thriller,255,6.3,3.8,46,May,860.26
Action,223,3.8,8.7,28,May,674.52
Action,95,6.6,7.3,97,December,799.15
Animation,50,8.3,4.6,43,March,384.7
Animation,42,6.5,1.7,26,June,314.99
Comedy,146,3.7,7.6,55,April,808.89
Sci-Fi,104,3.3,6.6,48,December,429.9
Horror,194,3.9,1.0,29,October,726.44
Animation,39,2.5,1.1,27,February,103.29
Horror,151,2.6,8.3,18,March,596.99
Comedy,34,8.1,3.3,60,September,456.01
Comedy,88,4.5,6.7,74,November,458.54
Comedy,285,4.9,5.1,69,November,795.45
Thriller,274,6.3,8.8,74,September,971.17
Thriller,158,6.3,9.3,21,June,582.39
Drama,106,1.6,10.0,24,October,365.62
Drama,219,8.5,2.4,3,October,689.39
Comedy,154,2.6,8.8,95,September,852.13
Sci-Fi,87,7.5,3.4,62,April,506.27
Action,114,8.0,6.3,2,November,273.11
Thriller,279,7.4,5.6,66,May,826.27
Sci-Fi,205,6.2,1.2,42,October,879.22
Romance,288,1.1,9.4,34,June,926.5
Thriller,177,4.2,1.7,42,September,607.69
Thriller,210,6.4,7.2,20,May,562.49
Drama,67,4.5,8.1,97,August,614.18
Action,77,8.8,8.2,68,November,550.96
Action,255,3.8,2.2,45,January,1067.14
Animation,128,3.6,5.0,75,May,710.78
Horror,125,3.4,8.5,42,October,360.95
Horror,279,4.0,3.7,47,January,944.78
Horror,124,6.0,5.2,5,October,312.38
Horror,168,7.4,3.5,89,June,688.69
Romance,290,7.0,5.2,49,July,1243.58
Romance,269,8.3,9.0,37,December,1012.1
Thriller,165,9.0,5.1,34,May,559.61
Comedy,93,8.3,6.0,73,January,602.33
Drama,146,1.2,4.6,70,June,764.77
Drama,207,7.6,5.1,18,October,787.61
Horror,231,2.9,1.1,78,May,833.27
Thriller,226,2.2,3.6,19,June,472.36
Animation,45,6.7,4.9,78,November,582.44
Sci-Fi,200,3.9,6.7,40,October,915.15
Comedy,72,1.5,5.1,17,July,250.19
Thriller,268,2.2,4.0,60,July,816.08
Comedy,6,1.0,4.5,99,February,453.11
Comedy,129,9.1,3.2,93,December,709.89
Comedy,114,1.2,9.3,42,March,618.18
Thriller,90,2.9,5.7,81,December,402.41
Horror,124,4.7,1.1,72,June,462.03
Drama,131,4.2,1.2,65,March,494.45
Drama,259,9.2,9.8,53,February,1097.08
Horror,187,1.4,3.0,7,April,710.31
Comedy,20,5.6,8.3,5,May,235.32
Sci-Fi,66,7.1,1.5,24,November,254.89
Action,162,9.4,9.3,28,October,837.7
Thriller,272,6.6,8.9,62,September,1007.98
Action,39,8.2,6.1,17,March,361.98
Animation,271,1.8,1.1,20,March,923.02
Horror,68,4.5,3.3,3,June,225.35
Sci-Fi,54,4.4,4.7,37,May,278.02
Thriller,259,9.0,5.1,90,June,1264.58
Horror,153,2.4,3.7,15,July,654.79
Comedy,280,2.4,1.3,51,November,831.96
Drama,176,4.0,6.3,48,March,783.42
Action,205,1.5,5.7,8,May,395.38
Romance,39,2.6,3.5,13,August,238.27
Romance,220,9.7,1.3,48,April,752.82
Sci-Fi,69,4.9,10.0,3,October,315.12
Comedy,12,6.7,5.3,65,February,407.98
Animation,80,7.5,7.8,73,April,666.02
Action,178,4.3,5.1,31,February,631.27
Comedy,51,2.3,1.4,26,March,349.37
Action,19,2.9,3.8,81,April,291.59
Sci-Fi,151,3.8,3.9,56,April,843.21
Sci-Fi,30,6.7,8.5,34,October,422.52
Animation,97,4.6,6.9,9,September,361.06
Romance,236,1.1,3.5,62,October,839.3
Comedy,25,5.7,9.7,13,June,335.47
Thriller,42,9.3,3.9,69,September,541.27
Romance,280,8.3,10.0,41,April,783.15
Comedy,161,8.4,10.0,77,September,978.82
Romance,183,8.2,2.7,1,November,422.12
Thriller,136,3.9,3.8,89,September,643.48
Drama,32,7.9,5.4,47,June,409.88
Drama,264,2.3,7.0,4,May,919.54
Animation,80,6.9,5.8,63,March,500.12
Drama,71,6.8,9.7,52,May,574.06
Drama,198,1.2,7.5,10,March,822.31
Horror,166,8.1,2.9,28,May,641.72
Action,261,9.1,1.9,6,May,1025.33
Horror,76,3.4,7.2,27,February,394.91
Horror,91,8.3,2.4,12,September,428.09
Animation,266,1.7,8.1,62,July,1230.74
Horror,218,6.4,3.8,52,June,590.6
Drama,157,5.4,3.9,48,May,790.44
Thriller,214,5.9,1.1,67,April,830.63
Animation,65,9.3,7.3,46,August,470.13
Animation,272,8.8,2.0,97,February,1069.13
Sci-Fi,266,8.1,8.0,74,August,860.08
Animation,222,3.5,5.4,95,January,936.94
Sci-Fi,287,9.2,8.1,15,October,1083.86
Animation,140,1.9,6.3,71,January,679.15
Action,97,8.7,1.7,36,March,440.16
Drama,113,4.0,7.9,14,May,602.76
Animation,245,1.5,1.6,78,June,971.37
Drama,146,7.0,5.3,3,April,515.05
Drama,295,3.1,2.6,67,July,974.24
Romance,241,3.2,7.8,86,July,957.59
Animation,181,3.8,9.2,19,February,629.03
Comedy,145,1.6,6.0,99,February,811.91
Romance,193,2.6,5.7,76,February,890.52
Comedy,53,1.0,7.9,54,February,449.93
Drama,194,5.0,1.0,69,September,826.04
Drama,140,1.8,9.3,10,May,557.52
Romance,47,7.1,2.8,33,November,366.8
Romance,94,3.1,9.9,13,August,504.57
Comedy,299,9.5,7.6,99,May,1245.86
Sci-Fi,249,8.8,8.0,51,November,644.52
Comedy,196,3.6,6.9,32,May,659.72
Romance,110,8.0,5.2,75,January,571.62
Thriller,237,8.2,6.1,24,June,758.86
Romance,269,9.9,1.4,35,April,949.4
Thriller,41,6.4,6.6,83,March,471.8
Action,45,1.7,6.6,70,June,542.22
Romance,21,6.8,9.0,40,February,330.15
Action,281,6.6,5.6,54,August,908.7
Sci-Fi,63,6.7,1.7,44,January,411.23
Comedy,187,3.8,3.8,62,December,574.18
Thriller,45,8.7,6.9,99,September,572.22
Comedy,43,9.6,3.2,68,August,467.4
Action,196,3.0,3.5,33,January,672.07
Thriller,271,1.8,8.4,77,October,1142.31
Comedy,151,2.8,6.3,56,December,723.25
Romance,131,8.4,5.6,36,September,483.07
Drama,50,7.1,3.9,54,February,417.17
Action,49,6.7,7.6,19,March,344.5
Comedy,5,4.6,3.6,43,February,255.02
Action,172,6.2,7.6,12,August,785.01
Horror,112,3.8,1.6,11,February,254.88
Action,23,5.3,8.8,70,October,453.89
Thriller,76,8.1,5.5,12,February,289.06
Horror,113,9.8,4.9,91,January,649.04
Animation,272,9.4,6.5,41,July,1112.94
Thriller,244,9.4,6.6,25,December,665.72
Drama,94,4.6,2.2,3,February,249.92
Horror,107,5.2,7.8,3,October,316.18
Animation,254,7.4,3.5,84,May,1040.43
Romance,12,9.3,9.1,28,May,301.36
Action,157,2.3,8.4,23,March,611.1
Comedy,178,3.7,4.1,48,March,623.94
Sci-Fi,162,2.3,8.3,67,December,645.12
Action,219,6.5,4.2,42,March,1062.12
Animation,181,3.8,1.9,88,June,904.34
Action,179,3.9,9.7,40,April,677.49
Drama,150,1.6,6.9,6,March,598.49
Romance,165,4.1,5.1,20,February,587.64
Sci-Fi,131,8.8,4.6,11,March,311.1
Horror,86,3.1,3.9,96,April,485.17
Horror,151,7.3,9.8,27,June,561.82
Horror,243,6.7,2.2,21,April,865.18
Animation,88,8.8,3.8,13,August,374.56
Thriller,117,2.2,5.4,86,March,621.62
Thriller,229,9.8,5.3,35,December,717.58
Comedy,247,6.2,5.2,47,March,1067.38
Sci-Fi,147,10.0,2.6,86,March,750.6
Horror,45,9.2,2.3,28,August,320.47
Thriller,262,3.0,3.3,21,April,1056.28
Animation,289,1.5,9.2,18,January,691.44
Comedy,109,3.3,2.0,31,February,345.14
Romance,206,5.7,7.8,60,October,706.59
Comedy,270,2.5,7.8,37,February,1177.62
Thriller,214,2.5,8.3,21,March,672.85
Drama,55,5.2,9.0,14,June,316.04
Animation,122,1.3,3.4,89,August,496.23
Drama,205,2.1,3.0,91,December,768.67
Horror,43,4.7,5.2,60,January,452.28
Drama,32,1.6,3.4,23,September,202.65
Horror,263,4.6,7.6,95,January,1240.87
Horror,88,5.3,6.7,29,October,387.31
Thriller,159,5.1,8.9,47,February,554.45
Drama,121,8.8,1.7,30,March,646.77
Horror,6,5.8,9.2,90,July,375.41
Sci-Fi,97,5.2,3.6,84,September,612.91
Romance,170,4.7,5.4,38,March,701.91
Comedy,262,8.4,4.9,83,August,809.85
Comedy,85,9.1,7.8,27,September,504.95
Thriller,272,8.7,4.8,89,October,1408.98
Drama,239,7.1,9.5,87,July,1281.87
Drama,217,2.2,9.1,93,April,868.02
Horror,66,3.5,8.8,15,April,276.56
Animation,53,1.4,1.6,59,April,303.7
Action,131,9.4,8.7,3,June,561.38
Horror,227,6.9,8.0,10,April,930.53
Romance,283,7.7,1.9,79,May,902.09
Sci-Fi,298,3.8,2.0,80,September,1423.29
Comedy,288,8.6,1.9,17,December,937.6
Horror,281,3.3,1.1,83,July,1207.37
Action,111,1.0,5.9,11,August,352.78
Action,150,4.4,9.8,48,May,581.92
Horror,103,6.1,4.9,5,May,486.62
Thriller,77,5.3,5.9,69,November,524.81
Comedy,126,8.8,9.7,64,July,842.69
Thriller,34,1.9,3.3,14,November,181.79
Sci-Fi,192,6.0,8.7,50,December,947.8
Action,292,5.6,5.9,26,August,1000.45
Action,199,3.5,6.1,72,September,531.26
Romance,160,8.4,4.1,69,February,591.53
Sci-Fi,176,7.8,6.1,7,March,551.3
Action,45,7.6,1.7,16,December,147.93
Sci-Fi,67,8.9,7.9,55,December,539.01
Comedy,27,7.5,3.6,78,February,379.4
Drama,79,3.1,9.0,56,October,385.8
Action,52,7.4,4.3,4,July,263.4
Romance,164,3.8,2.3,48,December,350.04
Comedy,122,3.2,7.3,17,February,295.64
Horror,104,1.7,2.5,36,December,455.0
Sci-Fi,171,7.7,7.8,70,February,727.29
Horror,294,7.4,9.7,80,February,1268.1
Thriller,160,3.1,8.0,93,December,898.7
Comedy,11,7.7,1.2,38,April,315.8
Horror,200,9.3,6.4,62,January,809.42
Animation,60,2.0,7.3,48,February,400.86
Animation,197,3.1,8.4,10,March,903.01
Action,51,7.8,1.5,36,July,405.42
Sci-Fi,152,3.5,5.3,29,October,587.99
Drama,279,6.6,5.8,78,January,1128.93
Comedy,161,1.7,2.5,4,June,312.88
Action,206,5.1,3.9,44,March,760.23
Romance,130,7.7,5.0,56,March,720.3
Thriller,298,7.2,8.5,42,April,1031.99
Sci-Fi,68,8.3,9.4,13,April,480.65
Comedy,180,8.9,6.7,46,July,645.19
Animation,120,8.0,4.6,82,March,736.33
Comedy,208,7.0,3.3,33,August,660.82
Drama,35,1.3,9.8,21,August,309.11
Animation,117,5.8,9.8,80,November,761.6
Drama,71,1.3,9.3,79,July,538.57
Romance,79,8.3,8.1,57,February,462.77
Thriller,49,3.9,3.9,69,May,442.6
Romance,264,6.1,8.4,70,June,992.29
Action,158,3.5,4.7,67,December,834.95
Action,159,8.0,3.9,48,October,619.2
Romance,238,9.0,7.7,76,April,975.03
Thriller,55,4.6,1.7,33,October,423.55
Romance,266,8.8,1.4,36,May,835.33
Thriller,129,3.4,5.0,33,September,498.91
Thriller,249,5.8,5.0,31,November,897.67
Horror,34,8.7,9.1,21,July,227.98
Animation,126,3.9,2.1,27,February,577.91
Sci-Fi,129,9.6,2.1,91,November,760.65
Thriller,41,2.1,2.3,72,January,492.81
Drama,174,1.2,1.3,62,February,746.29
Thriller,128,9.1,1.6,96,March,734.97
Thriller,39,1.6,6.9,26,November,211.77
Thriller,91,9.9,4.9,66,February,615.84
Horror,138,9.6,7.9,12,November,526.46
Animation,200,2.2,9.9,22,March,899.78
Horror,278,5.8,6.9,17,October,1030.26
Action,205,2.7,1.5,7,November,698.13
Horror,289,4.9,1.9,68,November,1302.48
Drama,81,1.6,8.9,37,December,434.16
Drama,63,3.0,5.7,38,December,289.93
Horror,130,4.3,8.4,96,September,702.42
Animation,113,4.9,8.7,11,April,493.5
Romance,228,9.8,9.3,1,December,706.44
Sci-Fi,282,8.3,9.5,25,September,676.22
Animation,72,7.6,6.0,42,November,526.37
Horror,73,5.8,4.1,52,March,499.5
Thriller,169,8.6,9.7,24,December,749.78
Comedy,166,4.1,5.9,53,January,629.82
Sci-Fi,46,7.4,1.6,56,November,407.33
Sci-Fi,113,9.9,6.8,63,May,637.37
Drama,55,3.8,6.3,81,October,516.86
Sci-Fi,254,7.1,9.1,8,October,650.91
Horror,25,8.6,6.9,59,February,344.19
Thriller,143,9.2,4.1,45,April,704.82
Thriller,96,7.5,9.7,27,February,462.87
Action,284,3.6,8.2,52,February,858.9
Thriller,129,3.9,6.7,18,March,379.31
Animation,115,1.2,3.6,91,May,480.83
Thriller,143,7.8,4.4,86,April,562.37
Drama,277,1.4,7.0,16,February,782.18
Thriller,103,8.8,1.6,66,November,556.44
Action,256,2.1,3.3,5,October,810.22
Comedy,108,2.5,7.4,82,February,747.4
Horror,218,5.3,5.3,3,June,708.45
Drama,253,7.6,4.6,91,July,1103.09
Animation,156,2.3,2.4,81,December,882.96
Comedy,254,5.0,5.0,80,October,1204.57
Drama,279,5.3,7.9,70,June,859.66
Romance,169,2.9,3.4,7,July,376.95
Sci-Fi,12,2.0,1.0,50,January,168.97
Romance,288,8.5,7.0,14,June,676.46
Thriller,9,5.5,9.8,38,November,236.84
Comedy,149,1.1,6.5,79,March,772.85
Thriller,105,8.2,2.1,47,January,594.02
Sci-Fi,168,9.8,3.9,33,August,644.88
Drama,151,6.5,8.8,43,April,679.49
Sci-Fi,68,5.5,3.1,91,October,656.65
Action,95,8.9,6.5,29,August,411.83
Sci-Fi,121,9.6,4.6,57,October,757.53
Action,271,7.8,2.9,5,November,506.83
Sci-Fi,177,5.0,8.3,93,April,774.35
Horror,51,6.3,7.7,96,April,643.82
Action,144,7.3,7.0,60,December,639.58
Comedy,250,2.7,3.1,70,October,619.09
Thriller,153,5.0,1.9,2,April,313.08
Animation,250,8.5,6.2,70,June,1093.97
Thriller,9,6.9,6.0,43,September,394.9
Romance,188,4.7,2.7,4,May,432.76
Thriller,24,7.0,1.5,56,December,274.08
Drama,50,2.1,1.7,93,October,412.6
Horror,16,4.6,9.9,59,August,360.61
Sci-Fi,74,8.1,8.1,89,August,637.92
Romance,21,3.0,9.3,9,April,284.79
Drama,151,2.7,2.8,3,November,637.5
Drama,158,9.6,9.6,90,October,1019.13
Action,112,2.9,2.3,48,September,413.75
Thriller,240,3.3,5.6,43,September,1138.47
Comedy,74,9.7,8.5,91,May,672.0
Animation,187,7.6,4.1,96,June,969.17
Comedy,254,7.3,4.8,1,May,563.63
Romance,232,8.7,2.2,57,March,924.14
Horror,106,2.0,2.1,53,November,372.44
Comedy,79,7.4,6.6,16,August,411.19
Sci-Fi,220,5.5,7.1,51,September,920.83
Comedy,207,8.5,8.0,75,April,1145.78
Romance,196,5.6,6.0,90,September,1040.59
Animation,253,6.6,6.8,55,September,984.3
Comedy,246,5.3,1.1,1,July,863.11
Sci-Fi,183,5.3,2.5,90,August,632.24
Action,223,7.9,9.9,28,March,623.15
Horror,86,6.7,1.7,53,May,345.6
Romance,96,6.7,7.1,58,March,519.94
Action,179,5.1,2.6,73,July,799.23
Action,243,5.8,7.5,60,June,712.42
Action,264,7.7,7.4,59,November,781.65
Drama,167,8.4,3.1,22,March,570.32
Horror,52,7.3,3.4,8,September,268.79
Animation,120,9.3,6.9,49,December,610.4
Thriller,229,8.4,4.5,42,January,773.29
Horror,151,6.1,2.8,27,October,573.77
Drama,67,7.0,7.6,39,March,527.05
Thriller,298,9.3,2.4,83,November,813.36
Horror,17,6.6,8.7,25,October,295.64
Action,193,8.4,5.6,38,November,656.49
Romance,291,7.2,2.0,85,July,912.53
Thriller,212,6.0,7.2,24,March,640.26
Sci-Fi,118,3.2,5.7,24,March,483.26
Sci-Fi,26,4.8,3.7,60,February,366.17
Comedy,218,9.7,4.8,83,September,940.54
Thriller,175,6.9,3.7,50,November,627.05
Romance,58,6.1,3.4,66,April,364.68
Animation,130,9.4,2.5,14,October,560.59
Drama,281,6.3,4.3,53,June,851.64
Action,208,5.7,3.3,32,February,806.64
Comedy,198,7.8,7.2,96,September,911.55
Sci-Fi,173,7.4,7.2,92,July,852.14
Drama,156,2.7,5.5,48,October,615.17
Drama,39,5.2,8.0,39,May,336.55
Action,188,5.3,8.6,40,July,633.19
Animation,290,4.4,6.2,42,April,669.08
Animation,61,5.7,6.6,77,October,326.78
Thriller,226,4.7,3.5,76,July,765.02
Sci-Fi,167,2.8,9.1,8,February,589.97
Animation,23,4.7,1.2,79,July,405.76
Romance,268,1.7,4.1,26,April,620.23
Animation,286,6.2,7.5,12,April,1203.9
Drama,117,8.7,1.7,43,January,563.69
Action,34,7.5,2.6,51,December,354.48
Romance,139,4.2,6.3,91,March,775.24
Thriller,71,1.8,6.0,82,May,508.26
Sci-Fi,69,2.8,7.7,63,May,456.84
Thriller,296,5.9,8.3,49,February,1089.13
Drama,29,2.9,2.2,27,April,236.74
Romance,41,5.9,1.2,9,January,231.88
Romance,5,3.1,7.2,39,September,307.01
Romance,41,8.6,3.7,65,January,377.55
Drama,145,4.6,6.6,71,June,727.83
Drama,236,3.2,2.4,90,July,751.59
Thriller,140,8.3,5.2,71,March,639.65
Comedy,192,4.1,5.5,7,December,662.41
Thriller,132,2.0,6.3,72,January,633.3
Sci-Fi,205,6.1,5.6,80,July,939.56
Action,131,6.2,5.5,67,March,678.18
Romance,261,7.4,4.0,10,October,907.54
Comedy,168,3.2,1.6,71,December,707.67
Action,39,5.0,1.8,85,December,458.25
Comedy,198,3.5,4.9,53,June,660.21
Animation,195,1.7,4.2,95,December,946.04
Animation,108,8.9,5.6,87,June,667.34
Horror,27,7.6,3.7,57,December,342.78
Animation,269,3.7,7.2,91,April,812.01
Thriller,294,6.4,8.8,86,December,1491.11
Animation,264,2.8,3.7,27,November,564.92
Drama,79,9.0,2.7,54,June,553.74
Romance,76,2.0,2.0,4,November,275.5
Thriller,263,1.0,6.5,88,October,1082.02
Action,192,5.5,5.0,23,April,789.26
Horror,177,6.2,2.7,48,August,611.83
Horror,294,6.2,6.9,83,September,1049.57
Horror,49,1.5,2.3,42,February,264.56
Action,65,3.8,6.0,3,July,344.98
Action,87,5.5,5.7,91,September,657.63
Action,127,2.9,7.6,3,September,489.03
Action,20,8.9,1.5,28,December,149.96
Horror,70,1.8,9.0,63,May,468.89
Horror,149,5.4,7.3,81,January,800.98
Comedy,166,7.2,2.9,31,June,420.2
Thriller,238,3.4,2.7,10,August,543.4
Romance,148,6.6,4.9,49,January,550.16
Animation,192,8.5,8.4,86,February,972.67
Animation,17,2.7,8.6,94,January,578.01
Drama,188,9.3,5.7,21,May,540.09
Horror,115,6.0,8.7,53,February,609.49
Drama,294,3.7,1.0,87,October,1334.63
Thriller,299,4.9,1.3,76,October,886.02
Thriller,219,3.8,9.2,89,April,1071.76
Drama,124,7.5,8.0,54,January,724.76
Horror,59,8.2,5.1,57,July,475.18
Drama,31,8.5,7.8,20,August,231.22
Animation,122,9.9,9.6,49,May,622.82
Comedy,225,8.1,7.9,7,February,647.98
Animation,235,6.4,8.6,29,August,900.03
Sci-Fi,57,4.1,7.8,48,January,382.52
Horror,299,5.9,2.5,93,July,1224.8
Horror,237,1.4,8.5,13,January,678.98
Romance,162,7.7,2.8,3,December,345.87
Action,273,5.0,9.0,2,June,945.37
Sci-Fi,25,1.2,5.1,16,June,221.5
Thriller,57,1.6,7.1,94,May,564.89
Horror,279,4.5,5.5,6,February,838.18
Drama,285,6.3,1.8,45,February,826.24
Sci-Fi,218,5.2,3.6,71,September,769.97
Romance,35,6.6,9.9,5,May,206.19
Thriller,187,5.3,9.6,56,May,823.35
Action,27,7.0,3.9,71,July,374.49
Action,36,3.0,10.0,98,June,470.83
Romance,78,2.0,8.6,32,February,441.76
Romance,14,6.4,6.5,49,November,256.79
Drama,58,5.4,1.4,13,January,310.18
Horror,56,1.2,9.1,30,May,344.93
Action,152,4.4,6.0,25,April,558.09
Thriller,164,2.0,8.8,85,December,737.63
Sci-Fi,18,5.8,8.5,60,March,446.06
Thriller,182,4.6,8.5,59,February,938.29
Comedy,57,6.5,7.3,85,October,517.14
Comedy,26,8.3,3.6,28,February,267.31
Romance,34,3.7,4.0,58,April,397.09
Drama,195,9.7,3.8,20,February,842.16
Comedy,264,5.8,1.2,34,April,661.61
Action,209,6.6,6.2,5,March,654.93
Thriller,63,7.1,7.3,82,September,432.63
Thriller,268,7.0,8.7,60,July,1076.39
Romance,16,5.6,2.3,43,November,352.8
Horror,123,4.9,5.9,57,December,675.77
Horror,294,1.5,1.1,57,March,1047.08
Sci-Fi,252,1.2,1.9,75,August,1072.32
Romance,131,4.2,1.5,54,September,474.73
Animation,79,4.0,7.5,81,July,720.22
Sci-Fi,208,4.5,1.7,45,June,809.9
Animation,53,2.2,7.4,86,April,483.8
Horror,83,7.6,3.2,37,May,505.28
Romance,245,8.7,8.9,84,August,966.25
Animation,158,9.4,8.3,48,March,744.82
Romance,278,5.4,9.6,54,February,1191.09
Romance,100,7.3,9.0,48,March,623.69
Horror,218,8.7,9.4,6,December,661.45
Sci-Fi,298,4.8,8.7,34,July,865.55
Sci-Fi,213,3.8,7.2,63,August,736.84
Romance,92,9.4,2.5,78,January,703.39
Comedy,268,5.6,3.4,48,July,734.28
Drama,161,5.5,2.9,23,September,596.36
Horror,160,2.6,6.4,84,December,701.09
Drama,143,2.0,5.5,13,March,442.76
Drama,125,8.6,8.8,47,March,575.21
Sci-Fi,69,6.5,9.6,44,August,609.67
Sci-Fi,111,3.9,4.6,32,April,535.76
Comedy,151,2.7,5.6,26,August,515.4
Drama,141,6.0,9.7,53,May,480.38
Drama,166,6.3,3.5,14,March,571.37
Romance,104,2.9,8.1,52,April,572.31
Sci-Fi,145,8.7,3.0,36,April,649.75
Drama,87,1.8,7.1,8,August,397.98
Thriller,181,4.2,3.3,40,June,704.04
Comedy,202,7.1,9.0,86,July,928.26
Animation,116,3.5,6.1,22,September,469.51
Thriller,60,8.4,2.7,16,June,356.0
Thriller,183,7.7,3.0,91,March,1096.55
Animation,190,8.1,5.4,60,March,800.31
Horror,222,2.1,9.7,60,November,740.1
Horror,221,2.3,7.9,10,March,680.51
Comedy,124,3.6,5.4,25,December,430.52
Thriller,179,5.7,4.0,31,October,681.3
Drama,27,7.7,5.9,21,February,297.23
Sci-Fi,217,8.5,7.7,91,January,892.44
Comedy,239,7.3,8.1,81,November,973.92
Romance,17,9.4,3.9,33,October,326.26
Animation,105,7.6,7.5,31,January,548.13
Thriller,28,3.8,6.9,90,April,403.98
Comedy,15,3.4,9.6,21,March,179.88
Action,277,7.3,9.4,36,May,959.99
Action,285,2.7,8.1,65,December,1007.45
Horror,98,1.8,7.5,4,September,406.52
Animation,205,5.8,3.5,68,December,882.39
Sci-Fi,25,8.4,8.6,90,August,309.89
Drama,215,1.9,4.8,4,December,685.36
Sci-Fi,144,8.1,3.5,9,September,503.7
Sci-Fi,297,8.3,4.5,30,May,837.23
Sci-Fi,105,5.3,8.5,45,August,551.27
Animation,32,1.5,2.3,4,April,74.25
Sci-Fi,45,2.6,5.1,69,May,324.06
Romance,150,7.4,5.4,23,December,649.38
Animation,260,7.4,1.3,16,March,942.01
Romance,231,9.1,2.8,22,May,788.18
Animation,240,6.2,8.4,72,December,1099.09
Horror,17,2.1,8.5,48,March,362.92
Comedy,214,2.1,3.6,62,May,624.76
Action,233,7.5,8.9,97,November,1033.6
Sci-Fi,104,2.7,7.9,60,May,643.64
Horror,35,4.0,4.8,80,June,452.85
Comedy,20,5.4,7.7,5,September,212.55
Action,141,1.2,9.7,80,January,728.89
Thriller,170,3.2,5.1,7,December,591.94
Drama,104,4.7,3.1,51,October,455.24
Romance,113,3.5,9.5,65,June,684.0
Thriller,177,2.2,6.4,9,January,587.05
Animation,241,7.6,1.9,82,June,862.39
Action,166,8.3,6.2,45,February,702.72
Thriller,220,3.3,5.5,47,August,785.51
Drama,268,8.0,8.7,67,November,1266.52
Horror,267,4.5,5.8,24,March,728.38
Action,296,5.6,3.3,92,October,1315.47
Thriller,278,8.7,7.1,10,June,1006.55
Romance,7,7.7,5.9,73,June,326.99
Romance,32,8.2,3.1,77,April,416.16
Comedy,153,2.2,6.2,48,May,392.25
Thriller,32,1.6,8.4,35,February,390.41
Sci-Fi,69,9.0,1.3,54,October,377.38
Thriller,25,4.5,6.7,87,October,384.37
Horror,256,3.6,4.1,81,August,754.79
Action,239,7.5,3.6,71,October,851.3
Action,231,8.5,4.5,16,July,724.25
Horror,17,8.8,4.1,53,October,326.6
Thriller,53,3.8,8.5,40,June,354.01
Horror,122,8.7,3.5,20,July,472.73
Drama,58,1.4,7.6,88,December,493.37
Animation,142,1.4,1.8,69,January,785.29
Horror,57,6.6,9.6,45,May,448.33
Romance,48,1.6,6.6,6,July,208.59
Horror,57,3.9,7.4,92,January,477.98
Action,78,7.1,3.7,69,February,452.23
Romance,50,4.0,4.7,49,September,318.18
Action,17,2.6,3.0,39,December,255.61
Comedy,169,3.5,9.4,2,March,624.39
Sci-Fi,106,5.1,5.4,39,June,607.16
Action,284,5.3,6.7,21,July,1068.17
Romance,262,8.0,7.6,40,September,1168.69
Comedy,142,7.8,4.3,82,May,754.88
Action,167,5.1,7.5,54,April,813.64
Drama,115,8.6,7.1,12,November,427.54
Horror,106,2.0,7.4,81,December,456.17
Sci-Fi,21,3.3,5.4,37,February,291.39
Action,272,8.5,4.4,38,March,830.53
Comedy,186,4.4,3.0,15,May,610.64
Drama,28,9.8,8.4,7,November,307.08
Thriller,33,5.2,6.5,78,February,512.35
Comedy,175,8.1,5.0,50,April,597.7
Horror,232,4.6,9.5,65,January,1061.23
Comedy,192,4.8,1.4,67,April,704.19
Drama,234,4.4,8.7,44,July,636.63
Comedy,123,7.5,10.0,31,December,507.06
Drama,160,5.9,9.0,43,March,660.25
Action,276,9.5,8.3,77,October,1442.81
Animation,179,3.3,4.4,48,August,427.04
Drama,108,1.9,3.1,82,June,522.07
Drama,96,4.5,7.6,81,June,700.57
Sci-Fi,190,6.6,3.7,81,January,970.79
Drama,287,8.7,2.6,61,May,738.32
Drama,185,4.1,8.1,75,March,579.65
Thriller,174,6.9,3.8,84,October,963.19
Animation,191,4.2,9.2,10,January,701.83
Action,179,6.6,8.6,29,August,702.84
Horror,226,9.0,8.6,48,July,784.63
Sci-Fi,237,3.1,7.9,98,July,817.63
Thriller,166,4.6,8.9,81,December,721.77
Romance,138,9.9,8.3,62,October,883.09
Animation,228,8.8,6.4,13,October,938.42
Action,157,6.1,3.7,44,October,465.59
Action,37,5.6,9.0,47,April,388.29
Romance,59,3.6,8.6,64,November,471.12
Horror,11,5.7,5.3,91,June,445.32
Drama,248,8.6,1.4,53,September,661.19
Thriller,130,7.2,6.7,90,March,561.13
Comedy,16,3.6,1.5,92,September,359.44
Sci-Fi,20,2.8,9.3,77,April,419.85
Comedy,212,3.4,9.7,76,May,727.02
Romance,47,2.5,2.7,44,July,431.7
Action,139,1.9,7.1,28,June,702.12
Horror,232,4.8,1.8,2,October,815.36
Action,115,2.0,7.6,57,August,728.66
Sci-Fi,164,2.5,4.1,57,August,524.08
Action,268,5.9,7.1,34,August,1092.69
Action,229,2.5,4.4,87,March,990.69
Sci-Fi,221,1.6,2.3,58,October,928.72
Thriller,49,3.9,4.7,52,June,470.82
Thriller,218,3.0,2.0,29,July,592.54
Sci-Fi,63,5.6,6.2,35,September,550.69
Horror,136,1.9,1.4,75,October,553.02
Romance,108,7.8,5.7,48,October,527.71
Animation,199,9.2,9.0,33,December,632.79
Action,161,7.7,8.5,75,April,923.69
Horror,102,5.8,8.9,73,May,653.69
Action,230,8.7,9.3,78,August,834.56
Animation,209,7.3,1.9,9,January,552.44
Romance,83,1.1,2.2,48,December,393.22
Thriller,128,4.5,6.0,67,June,601.01
Horror,222,8.7,9.0,93,April,1009.2
Drama,8,4.1,9.8,83,May,366.1
Drama,94,1.3,1.4,36,November,355.42
Animation,108,7.7,4.2,96,May,652.64
Drama,123,8.2,2.9,71,February,688.78
Thriller,137,2.4,7.8,92,August,833.38
Animation,100,5.8,6.8,44,February,512.39
Thriller,147,2.7,2.1,82,April,512.0
Romance,292,7.5,5.4,60,December,1262.62
Action,32,3.4,7.2,63,May,346.58
Romance,282,3.8,8.0,5,January,964.54
Romance,237,8.6,1.2,87,June,1058.9
Thriller,21,5.3,9.0,86,February,592.74
Animation,63,7.0,6.1,90,May,625.54
Animation,94,4.6,8.3,76,June,616.01
Drama,203,3.7,8.3,40,November,886.78
Comedy,30,6.6,2.7,19,August,158.31
Action,29,2.4,2.0,47,September,289.95
Thriller,271,4.4,7.5,65,December,1231.33
Drama,185,2.9,2.4,67,June,580.41
Horror,72,7.3,8.6,91,May,556.67
Comedy,53,9.5,7.5,18,December,395.79
Comedy,179,10.0,8.6,50,April,669.19
Thriller,56,5.1,3.7,30,February,220.65
Sci-Fi,106,3.3,3.8,66,February,420.07
Action,220,5.0,7.0,5,July,658.24
Comedy,192,8.6,1.3,93,May,973.19
Thriller,61,2.9,7.5,97,July,682.43
Thriller,51,9.6,8.5,42,November,400.29
Drama,163,4.1,4.7,84,January,783.83
Horror,178,9.9,7.9,94,January,931.05
Sci-Fi,246,8.5,2.6,5,May,597.04
Action,286,8.3,3.9,50,February,1024.97
Animation,245,3.9,9.8,85,August,919.66
Romance,9,1.1,9.9,58,March,254.04
Horror,88,4.4,5.6,79,January,592.14
Horror,252,3.7,9.4,84,February,1014.13
Drama,58,1.3,5.7,8,October,238.04
Animation,165,5.5,3.6,31,October,473.22
Comedy,230,4.6,3.4,12,July,585.27
Comedy,19,6.7,9.4,21,June,300.02
Drama,228,6.6,2.6,94,December,774.38
Thriller,65,2.1,6.2,62,August,517.48
Comedy,126,9.8,6.0,91,July,886.5
Sci-Fi,281,2.7,7.7,90,October,771.25
Action,50,5.0,5.5,33,August,371.06
Horror,298,5.4,3.5,26,March,683.23
Horror,66,8.3,2.5,90,June,658.1
Sci-Fi,90,1.9,6.6,40,July,517.46
Animation,214,4.9,7.5,65,October,953.05
Comedy,82,6.7,6.1,59,November,540.75
Horror,206,2.9,7.6,15,January,555.99
Romance,227,6.6,2.3,1,January,700.69
Animation,226,9.3,8.9,11,July,921.53
Action,7,10.0,6.2,55,November,316.25
Action,10,1.3,2.1,2,March,66.07
Horror,97,3.1,5.2,65,March,462.73
Drama,12,3.8,8.6,95,May,632.74
Animation,239,4.6,9.1,44,November,782.0
Horror,112,3.2,3.4,16,June,540.17
Drama,165,2.8,7.4,22,February,423.15
Horror,213,9.6,1.9,18,March,694.67
Romance,244,9.3,1.3,47,June,1039.47
Animation,54,1.4,6.0,81,March,401.16
Thriller,15,4.0,7.3,30,May,325.06
Action,160,4.6,8.2,10,September,438.48
Horror,74,3.2,4.1,99,December,394.95
Romance,173,6.7,1.1,58,March,568.35
Drama,276,6.8,5.3,62,December,1205.68
Drama,72,8.7,1.1,85,November,571.21
Action,256,7.7,1.8,80,June,1090.62
Sci-Fi,52,5.9,3.9,6,November,318.7
Horror,188,6.9,4.9,67,May,842.06
Animation,191,3.5,3.5,41,May,638.26
Comedy,94,6.3,6.2,43,November,516.43
Drama,143,5.4,1.5,85,June,780.17
Animation,93,2.2,2.3,77,June,623.6
Animation,278,3.2,7.3,18,January,650.31
Thriller,23,3.6,2.3,58,November,281.34
Animation,158,9.3,6.8,60,September,857.68
Animation,264,3.1,1.5,88,May,1269.61
Thriller,112,3.6,4.7,27,January,475.3
Drama,289,4.3,2.6,68,August,950.64
Animation,63,7.0,2.0,22,July,259.6
Sci-Fi,129,2.1,6.1,24,July,413.65
Sci-Fi,277,9.6,9.4,40,May,720.68
Romance,111,8.8,1.5,74,January,685.37
Thriller,249,6.2,4.8,66,September,936.78
Romance,251,7.1,7.4,40,November,1103.82
Thriller,12,1.1,5.2,6,September,10.0
Horror,145,4.1,8.3,18,August,543.24
Horror,12,8.2,2.6,81,May,292.22
Animation,98,1.7,9.6,87,March,574.19
Comedy,43,3.5,4.5,30,August,388.39
Horror,85,6.3,4.1,21,January,375.24
Comedy,191,3.3,8.9,62,March,850.31
Horror,88,9.4,6.1,10,December,330.57
Action,92,2.2,5.6,13,November,405.57
Horror,246,8.2,7.5,76,July,893.29
Romance,97,5.6,6.2,9,April,379.38
Drama,90,7.8,2.5,68,July,707.65
Animation,48,3.8,7.1,39,December,340.73
Romance,141,5.6,2.2,24,November,492.08
Drama,78,8.7,8.3,34,May,471.49
Sci-Fi,40,5.2,9.9,61,June,521.3
Romance,105,4.2,4.4,41,July,293.56
Sci-Fi,160,5.8,5.0,5,October,649.94
Comedy,259,7.5,1.4,79,December,767.79
Comedy,175,5.0,1.1,50,July,786.47
Action,220,9.4,9.3,4,July,811.89
Horror,174,3.7,2.2,51,July,600.45
Romance,256,5.3,5.0,52,November,1028.08
Sci-Fi,59,7.8,8.3,39,July,392.56
Drama,95,7.2,9.0,8,March,478.37
Comedy,282,8.8,5.7,45,December,1025.85
Horror,105,10.0,6.1,88,March,778.02
Comedy,159,4.8,7.0,28,July,622.68
Drama,145,2.0,9.7,27,February,665.44
Horror,177,1.3,6.4,65,February,685.39
Horror,14,7.5,6.0,34,March,285.57
Sci-Fi,232,8.9,1.1,81,April,1146.82
Sci-Fi,269,3.0,1.7,62,June,651.34
Romance,252,2.4,6.2,62,August,822.99
Romance,251,1.6,9.4,38,October,713.28
Thriller,159,8.4,8.8,26,October,578.44
Animation,38,3.8,9.8,24,July,239.52
Thriller,133,4.6,5.8,39,April,572.63
Action,164,5.5,8.1,21,February,619.9
Comedy,93,8.6,8.6,94,February,716.41
Romance,97,6.9,6.8,47,April,467.9
Sci-Fi,245,6.5,4.0,48,June,767.03
Drama,121,2.6,5.2,13,March,560.42
Sci-Fi,98,5.6,8.7,3,June,432.71
Comedy,167,7.4,3.7,32,May,513.8
Thriller,103,9.8,9.3,35,May,518.65
Sci-Fi,117,2.8,3.1,19,February,538.74
Animation,95,1.1,7.7,14,August,336.73
Action,210,1.7,6.7,48,May,758.78
Comedy,21,4.4,7.7,86,November,482.63
Thriller,278,8.4,4.9,81,February,901.27
Animation,177,1.1,9.4,68,July,744.54
Drama,120,5.1,6.7,45,September,709.86
Thriller,185,4.0,3.6,19,September,599.85
Horror,95,1.5,6.7,64,January,439.73
Animation,86,5.1,3.6,66,July,495.83
Animation,118,3.3,3.6,79,September,672.35
Action,261,4.2,4.6,66,June,1135.83
Comedy,62,7.4,8.7,75,January,552.22
Drama,158,5.7,5.5,45,February,450.17
Action,120,2.1,7.1,87,April,703.83
Thriller,270,9.7,4.5,74,April,881.69
Action,207,6.7,3.4,67,February,620.5
Animation,45,7.9,9.6,69,August,550.34
Comedy,109,1.7,6.4,3,February,350.73
Romance,197,1.4,9.4,38,March,720.86
Action,282,1.2,2.8,77,April,1283.32
Horror,241,2.7,2.3,42,September,926.18
Action,225,4.7,8.7,83,October,1002.99
Thriller,72,9.4,7.1,40,January,486.55
Thriller,201,5.1,2.7,50,August,694.05
Drama,260,3.6,3.4,35,December,592.04
Thriller,143,6.1,8.2,24,May,426.02
Sci-Fi,153,2.0,5.1,88,July,800.14
Comedy,103,6.5,7.0,17,August,341.26
Comedy,80,6.1,3.9,40,May,370.38
Romance,286,8.1,4.4,74,August,1070.3
Romance,113,9.9,9.9,66,October,633.76
Comedy,192,3.3,3.2,44,November,582.02
Horror,203,5.6,5.6,23,August,512.45
Romance,158,9.2,8.6,6,September,603.46
Drama,44,8.1,3.2,66,February,442.64
Thriller,137,5.4,4.7,21,March,436.31
Comedy,136,9.5,6.5,35,January,580.84
Animation,283,1.5,5.3,29,April,910.01
Romance,88,9.4,5.1,7,May,441.48
Comedy,246,1.5,4.3,93,November,860.84
Sci-Fi,120,5.9,6.3,53,January,578.34
Action,113,9.0,6.6,37,August,512.82
Thriller,225,3.4,6.9,23,February,919.41
Comedy,45,5.3,1.6,97,January,463.58
Action,151,3.9,6.7,8,February,451.74
Romance,116,9.6,9.6,76,May,598.58
Action,107,8.4,5.9,48,September,470.85
Thriller,50,7.4,7.4,10,September,333.7
Comedy,275,6.3,6.0,79,February,993.16
Sci-Fi,199,8.4,8.7,24,February,825.75
Horror,284,4.5,9.4,90,March,1147.5
Romance,287,5.0,2.7,47,July,812.57
Comedy,44,7.6,4.9,53,November,352.74
Thriller,193,4.2,4.5,39,March,657.68
Romance,168,1.6,4.6,67,January,522.45
Drama,28,1.7,2.1,66,June,503.93
Action,28,2.0,8.3,6,March,272.81
Horror,8,8.8,1.3,21,January,79.61
Thriller,294,5.3,5.8,73,April,840.32
Drama,185,7.4,7.0,74,January,706.0
Animation,252,4.5,2.9,36,January,779.3
Comedy,120,3.3,9.2,3,December,475.26
Sci-Fi,283,4.1,8.5,88,February,1318.8
Romance,73,8.1,5.2,86,October,544.24
Action,258,6.6,4.7,78,August,986.27
Romance,185,9.4,3.1,42,February,809.82
Horror,173,7.1,7.6,45,November,794.91
Comedy,253,6.1,2.2,44,February,861.91
Romance,192,6.5,7.1,91,November,854.39
Action,58,9.5,8.6,33,November,483.17
Comedy,142,8.1,3.1,60,October,674.56
Romance,172,1.2,8.8,86,October,811.68
Sci-Fi,107,5.8,1.3,93,August,504.46
Thriller,89,7.2,9.2,83,December,815.21
Comedy,216,7.7,2.1,83,June,912.15
Thriller,7,2.9,6.8,70,December,365.63
Animation,183,8.8,3.3,83,November,891.97
Comedy,42,9.6,8.5,77,April,641.41
Sci-Fi,243,3.1,5.6,26,March,709.77
Thriller,173,8.9,2.2,86,January,702.3
Drama,34,1.9,6.1,21,November,183.7
Action,194,1.5,4.7,2,March,606.13
Drama,29,2.2,7.0,47,December,311.17
Romance,116,1.5,8.9,30,September,413.46
Sci-Fi,210,8.6,4.7,27,May,682.76
Drama,189,1.5,3.6,71,June,636.56
Comedy,51,3.4,1.1,20,May,149.05
Romance,232,1.9,6.2,50,January,970.64
Romance,43,3.7,4.6,95,October,437.1
Drama,20,1.8,4.4,23,January,146.99
Animation,26,7.0,2.6,13,April,195.84
Drama,217,2.2,4.9,81,March,827.83
Animation,153,8.7,9.9,4,November,751.53
Sci-Fi,245,8.4,3.7,14,August,692.12
Action,276,1.1,6.4,20,December,846.51
Drama,63,9.1,8.0,13,December,342.21
Horror,291,1.3,7.7,3,July,1064.63
Animation,206,3.2,4.0,90,November,631.4
Drama,36,1.3,6.5,90,July,412.05
Thriller,166,4.0,8.8,82,August,719.35
Comedy,259,5.6,1.1,96,October,1012.69
Horror,258,8.2,4.9,78,July,1382.44
Horror,13,4.0,3.0,47,October,219.67
Animation,143,7.3,4.5,3,February,474.29
Thriller,14,2.7,4.7,1,April,65.67
Thriller,218,7.8,7.7,90,November,967.24
Romance,277,3.1,1.8,24,June,718.02
Animation,52,2.3,5.6,35,March,281.87
Action,115,2.7,6.1,14,March,525.6
Comedy,157,2.6,5.4,67,June,777.06
Sci-Fi,127,5.6,7.6,13,January,564.6
Horror,106,8.6,4.5,47,January,581.96
Sci-Fi,245,1.7,9.5,50,May,778.75
Drama,195,7.4,5.3,78,January,844.79
Drama,221,6.9,6.1,85,October,1264.78
Sci-Fi,55,8.9,8.4,26,August,419.31
Drama,296,3.2,3.5,3,February,932.8
Action,85,5.1,1.7,51,June,456.89
Thriller,92,9.3,7.4,40,October,469.9
Drama,198,6.9,5.3,68,October,1043.69
Romance,108,4.5,9.1,36,May,471.19
Drama,275,2.2,9.8,51,October,1118.89
Comedy,100,3.4,4.6,1,December,305.15
Action,202,6.2,4.7,33,December,859.86
Comedy,5,7.5,4.7,7,April,180.32
Comedy,171,2.1,3.9,52,January,472.91
Romance,130,6.4,8.0,11,March,470.52
Action,85,6.0,7.8,27,December,518.72
Action,255,5.6,5.3,14,April,910.41
Animation,173,7.2,1.4,86,February,788.07
Action,77,8.5,3.8,80,December,637.02
Action,145,3.9,3.6,46,February,633.7
Action,74,9.0,8.3,76,February,518.09
Romance,266,2.4,1.8,10,November,846.14
Drama,249,2.6,8.3,24,January,686.39
Animation,7,3.4,7.0,61,October,265.19
Comedy,67,2.1,7.6,18,February,432.9
Action,53,3.1,4.9,86,June,477.93
Horror,80,2.0,7.1,9,March,248.13
Drama,179,8.4,6.5,17,October,738.05
Drama,113,2.3,7.9,58,May,481.12
Comedy,187,7.7,5.0,13,January,459.61
Romance,196,1.4,5.3,50,August,553.47
Sci-Fi,69,9.5,6.8,6,April,369.45
Sci-Fi,275,7.4,2.0,85,September,1195.32
Drama,104,1.1,4.9,51,April,560.5
Thriller,36,7.9,9.7,36,February,357.88
Thriller,132,5.6,1.3,71,March,604.94
Comedy,47,8.0,3.8,25,May,418.0
Sci-Fi,82,5.7,3.8,11,December,314.6
Drama,293,6.8,6.7,44,October,986.12
Romance,274,8.1,2.0,14,June,968.25
Sci-Fi,166,4.6,6.7,29,July,815.4
Drama,193,1.0,1.9,74,April,898.18
Drama,251,8.6,1.9,50,July,1082.44
Action,220,4.4,7.6,5,October,540.74
Romance,172,5.5,3.9,72,March,757.46
Action,197,1.1,9.8,69,July,740.44
Comedy,287,5.4,1.3,88,April,780.96
Action,17,9.9,5.0,57,August,369.58
Horror,244,3.5,2.0,26,September,818.44
Action,151,4.6,4.2,6,July,556.07
Horror,208,7.2,10.0,16,August,678.57
Sci-Fi,84,8.3,9.0,60,August,583.89
Thriller,47,4.8,1.4,12,February,246.83
Animation,93,3.8,6.1,75,September,450.03
Animation,152,9.4,6.8,3,June,716.91
Drama,99,7.1,2.9,63,November,558.97
Animation,155,2.1,2.3,64,April,509.91
Horror,6,1.6,9.1,62,May,382.63
Romance,26,5.4,9.7,6,October,230.6
Action,11,3.0,9.9,19,May,156.16
Horror,210,3.3,8.1,18,July,671.18
Romance,118,8.9,7.0,80,September,801.93
Thriller,276,1.8,4.1,87,July,1117.66
Animation,87,7.4,2.5,43,September,510.75
Thriller,183,3.4,1.7,73,April,480.31
Animation,214,7.8,7.2,3,October,439.75
Action,128,7.5,8.1,72,October,643.01
Comedy,117,1.1,8.4,38,April,450.62
Action,16,5.6,9.2,68,June,435.68
Sci-Fi,130,2.3,8.9,76,August,579.1
Horror,57,8.8,10.0,44,September,566.46
Drama,287,8.8,3.2,95,January,1138.7
Comedy,144,4.8,7.9,89,January,813.12
Action,101,5.0,6.3,80,August,460.29
Romance,9,3.7,3.4,63,November,361.91
Comedy,61,7.4,9.8,42,July,449.44
Horror,73,4.2,9.1,64,September,559.34
Animation,122,3.4,2.2,54,November,404.77
Comedy,63,4.9,1.2,78,March,441.33
Animation,37,1.8,7.2,77,October,443.34
Horror,54,7.7,6.4,71,December,564.74
Action,23,1.1,9.4,76,May,490.52
Horror,218,6.8,3.1,37,March,851.43
Comedy,201,2.6,1.8,4,May,622.63
Romance,51,3.1,3.3,2,October,78.07
Thriller,171,6.7,1.2,99,January,831.56
Comedy,293,9.9,1.3,44,November,1243.76
Horror,145,8.0,9.2,67,April,906.61
Thriller,88,3.0,4.2,68,June,500.95
Horror,186,2.6,4.7,76,February,972.6
Romance,83,8.8,1.2,83,July,520.81
Horror,219,5.0,3.4,74,August,699.17
Action,18,2.2,8.2,62,January,357.46
Drama,219,8.8,6.5,1,April,851.29
Animation,132,8.3,7.8,17,November,609.3
Animation,252,9.9,5.0,16,April,1101.98
Comedy,33,9.2,3.8,9,May,180.72
Drama,284,8.7,5.3,53,December,974.26
Horror,206,1.5,3.9,73,December,676.03
Romance,61,1.9,8.6,59,April,372.45
Comedy,222,6.1,3.7,9,September,580.27
Horror,66,5.8,6.9,12,July,434.21
Thriller,161,5.1,2.2,41,February,493.86
Sci-Fi,206,4.6,7.2,15,January,809.22
Horror,21,4.9,9.2,66,September,354.82
Drama,10,6.1,6.5,75,January,381.45
Comedy,62,1.0,6.0,11,June,284.35
Drama,173,3.3,9.7,8,February,749.45
Comedy,86,5.7,6.6,55,April,659.76
Horror,223,7.5,3.3,96,June,1078.91
Action,181,2.6,3.6,6,May,722.32
Thriller,208,5.9,7.3,53,November,1018.49
Horror,75,7.4,7.6,20,June,410.88
Animation,270,5.0,3.7,39,March,1135.42
Drama,102,1.2,4.1,99,May,650.62
Sci-Fi,295,5.0,9.9,72,February,1371.2
Sci-Fi,212,3.7,1.9,34,July,581.23
Romance,6,9.4,4.6,57,March,368.91
Comedy,128,2.1,1.6,19,January,464.16
Drama,284,6.9,8.4,71,August,1262.35
Romance,78,1.5,1.8,31,August,296.13
Drama,170,5.0,7.1,82,March,771.87
Animation,26,6.0,1.5,40,July,207.81
Comedy,158,3.7,7.1,14,September,523.87
Horror,299,5.1,8.6,81,August,928.4
Horror,223,2.5,4.6,37,March,929.33
Sci-Fi,161,3.7,5.7,44,February,466.85
Horror,234,6.6,4.6,9,October,700.91
Horror,24,3.7,3.7,58,July,292.57
Animation,45,9.1,8.2,20,July,351.76
Action,152,6.7,3.4,92,September,684.81
Sci-Fi,112,4.9,7.5,50,May,506.04
Romance,88,1.3,2.9,20,April,293.46
Thriller,294,5.5,3.2,36,August,1067.09
Action,138,7.9,4.0,27,April,501.74
Romance,211,3.4,6.3,72,April,822.96
Comedy,287,8.3,5.1,32,December,914.52
Action,270,3.3,7.7,1,December,1069.63
Animation,77,8.4,2.9,17,February,272.97
Romance,52,1.8,1.1,9,January,237.25
Comedy,237,8.8,8.0,84,April,890.97
Sci-Fi,104,5.5,8.4,45,July,599.29
Thriller,63,3.7,1.5,96,December,406.19
Comedy,262,3.4,6.5,66,September,755.21
Horror,69,4.9,4.4,32,September,386.77
Drama,87,10.0,8.1,45,December,554.07
Comedy,158,3.0,8.9,9,October,313.77
Comedy,270,1.9,8.7,30,January,1016.56
Thriller,83,6.3,8.0,84,May,819.44
Drama,154,5.4,3.4,38,July,566.77
Horror,52,5.7,8.3,60,July,516.88
Romance,252,7.0,5.8,1,October,1020.37
Romance,282,3.4,1.5,5,June,1024.96
Comedy,102,9.2,5.1,63,November,617.74
Animation,29,4.9,9.5,99,October,489.36
Animation,288,2.2,9.0,36,April,768.76
Drama,72,7.7,1.9,65,March,577.26
Drama,11,6.8,7.7,78,December,415.94
Horror,141,3.8,8.3,73,September,789.53
Thriller,168,6.6,3.4,94,December,754.86
Sci-Fi,87,3.0,5.2,24,October,366.19
Romance,142,5.0,7.4,4,April,597.56
Thriller,77,9.1,5.0,78,August,460.36
Action,241,2.2,2.0,89,January,919.05
Romance,50,4.5,7.4,68,July,379.65
Thriller,110,8.4,9.2,25,December,350.65
Romance,292,9.7,6.9,74,June,1259.38
Sci-Fi,266,5.1,8.0,99,December,1175.12
Action,180,5.6,4.2,7,January,439.21
Animation,170,6.1,2.6,13,April,450.16
Animation,149,9.4,6.8,68,December,956.83
Sci-Fi,287,8.7,3.9,43,May,586.56
Horror,58,2.5,8.7,57,November,415.42
Action,182,4.9,2.1,36,August,605.35
Comedy,248,5.2,4.9,14,April,762.86
Thriller,131,8.1,4.6,82,March,648.16
Action,275,6.4,9.4,72,February,986.74
Horror,136,6.9,2.4,96,April,747.02
Horror,97,10.0,1.1,27,November,503.7
Sci-Fi,77,1.7,3.1,37,October,302.83
Romance,252,3.0,8.4,87,April,1077.08
Action,277,4.7,2.9,71,October,1173.77
Thriller,47,4.1,3.2,76,May,261.99
Action,45,1.2,2.2,25,July,188.61
Drama,174,1.8,7.4,67,September,692.67
Romance,216,7.1,1.6,90,February,1047.05
Thriller,172,8.9,4.0,4,May,502.78
Animation,43,5.6,3.5,79,November,410.74
Thriller,249,5.9,6.0,96,October,1129.38
Comedy,155,3.3,7.6,93,September,575.02
Sci-Fi,115,7.9,5.8,74,December,498.98
Comedy,51,7.8,9.4,85,March,590.68
Thriller,67,6.3,9.6,16,January,374.32
Romance,229,2.9,4.3,19,February,841.16
Action,73,1.9,8.0,29,June,417.55
Animation,294,1.6,7.6,51,May,957.36
Action,207,6.3,9.0,18,January,696.91
Romance,65,8.4,5.0,58,January,466.56
Thriller,165,8.7,5.8,44,November,608.91
Horror,20,5.2,4.7,16,April,202.46
Action,98,8.1,8.7,65,December,599.96
Horror,142,9.5,3.1,2,April,544.53
Action,42,3.5,3.2,56,June,289.02
Action,131,4.6,4.4,79,June,489.23
Animation,279,9.4,3.1,28,October,937.94
Sci-Fi,168,4.0,6.0,65,June,885.81
Sci-Fi,81,9.2,2.2,5,January,449.67
Drama,178,9.8,3.9,22,October,486.23
Comedy,95,7.0,9.2,13,September,520.86
Romance,242,8.4,4.7,65,November,948.95
Romance,268,7.7,7.7,16,July,978.88
Romance,183,7.3,2.0,86,July,807.7
Drama,213,3.8,3.2,64,November,738.21
Sci-Fi,77,1.5,8.3,32,July,492.47
Thriller,111,4.1,7.9,80,February,694.18
Horror,299,7.0,4.5,51,February,902.78
Animation,288,1.9,9.6,79,June,1349.01
Horror,186,1.1,9.2,58,July,779.22
Thriller,41,2.3,9.7,46,March,324.56
Animation,141,7.4,4.9,52,April,605.05
Drama,60,9.8,2.8,63,December,463.14
Thriller,191,9.8,6.6,76,March,994.1
Romance,262,5.4,7.2,60,July,632.15
Comedy,62,8.8,2.1,65,July,450.38
Action,127,7.6,8.1,81,April,711.25
Horror,192,5.5,1.2,55,July,871.98
Sci-Fi,234,6.2,5.3,57,May,746.79
Sci-Fi,172,2.2,4.0,92,January,798.72
Drama,118,9.4,7.7,71,October,827.88
Animation,256,4.2,3.8,73,April,875.95
Sci-Fi,111,5.0,8.4,86,July,681.08
Romance,41,7.0,6.4,26,February,293.71
Horror,96,4.0,8.1,12,February,482.72
Thriller,22,3.3,9.9,71,January,456.83
Romance,67,6.7,7.1,46,February,428.43
Drama,154,1.2,9.9,47,October,612.39
Romance,143,7.5,1.3,79,August,467.64
Thriller,190,5.6,4.0,38,November,600.62
Comedy,189,6.5,2.0,21,August,597.89
Drama,209,6.7,3.4,14,August,648.02
Comedy,264,5.7,8.5,2,January,581.23
Action,218,6.2,1.3,72,January,541.48
Comedy,260,7.2,5.7,70,December,792.37
Action,139,7.8,6.1,33,October,773.49
Action,65,7.5,6.1,6,April,427.02
Comedy,92,8.8,5.3,90,June,630.09
Drama,211,2.7,8.1,37,August,988.97
Animation,133,4.6,2.2,14,February,364.37
Thriller,7,9.5,3.8,37,March,294.31
Romance,246,4.6,6.5,8,June,832.21
Romance,125,2.1,7.2,77,October,556.6
Thriller,106,5.7,4.6,13,April,544.92
Horror,42,2.0,8.9,40,December,457.02
Horror,137,2.8,4.7,92,February,678.31
Action,206,10.0,4.6,58,July,1013.18
Action,25,5.9,1.3,18,April,242.91
Drama,246,3.6,6.0,57,August,778.17
Sci-Fi,113,10.0,7.4,83,August,561.2
Comedy,88,9.7,2.0,38,July,490.24
Action,87,5.0,3.7,32,October,349.17
Romance,295,3.3,8.0,86,September,1414.81
Drama,73,8.5,4.3,66,April,441.12
Comedy,133,7.4,3.2,77,July,565.09
Drama,200,7.2,7.0,87,October,1099.38
Comedy,144,9.0,2.8,25,October,627.01
Comedy,287,7.2,9.1,92,December,1572.37
Thriller,238,3.6,2.0,58,January,863.93
Action,27,7.2,7.4,75,April,415.32
Animation,157,3.8,5.5,33,February,726.94
Drama,281,7.8,8.8,88,September,1273.63
Animation,65,6.6,2.1,66,May,590.98
Drama,56,1.7,7.1,30,March,285.71
Thriller,157,5.6,6.1,81,April,802.59
Romance,241,4.1,5.3,34,June,935.2
Animation,36,4.0,5.4,86,October,508.94
Romance,59,6.4,7.5,69,January,413.98
Horror,40,3.9,9.4,48,July,531.63
Action,114,8.0,1.8,40,August,576.78
Action,181,1.6,1.2,51,July,492.35
Sci-Fi,299,6.9,8.3,80,July,1264.84
Thriller,101,8.3,2.0,13,September,370.99
Romance,217,7.1,9.9,90,April,1133.54
Comedy,141,5.5,6.6,31,July,652.95
Drama,10,9.6,6.9,39,September,293.25
Action,113,3.7,2.8,63,May,499.76
Animation,39,1.2,3.2,48,February,295.02
Drama,43,4.9,6.9,87,May,495.47
Drama,154,1.3,9.2,48,April,724.48
Sci-Fi,122,9.6,9.8,61,August,757.96
Romance,265,2.9,2.8,12,May,1049.47
Action,91,8.1,2.2,78,September,538.81
Drama,80,8.0,1.5,56,September,422.78
Action,218,3.0,8.8,18,March,668.86
Comedy,289,6.6,3.7,27,October,559.12
Sci-Fi,243,1.4,1.0,28,June,563.48
Comedy,169,5.4,3.0,82,June,576.83
Action,91,1.1,4.1,80,April,673.61
Horror,145,9.3,9.9,52,November,565.84
Animation,164,9.8,5.7,16,October,634.48
Action,50,3.0,2.8,77,March,444.19
Romance,116,2.9,4.0,58,January,486.6
Drama,49,7.8,4.0,93,December,567.77
Drama,251,3.3,1.2,9,July,630.42
Comedy,108,9.1,2.2,26,May,434.51
Animation,89,6.2,7.3,28,October,382.15
Sci-Fi,138,4.2,2.1,77,July,498.22
Horror,112,8.5,3.1,36,January,547.84
Thriller,22,5.4,4.2,9,August,211.92
Animation,98,9.2,7.8,47,March,513.36
Drama,154,9.4,6.2,78,July,821.91
Romance,250,2.5,7.2,51,December,834.33
Animation,293,1.0,6.1,76,March,1237.99
Comedy,213,9.9,7.2,57,March,850.28
Comedy,130,9.2,1.0,32,October,485.37
Thriller,239,1.5,9.4,67,September,1180.52
Romance,126,8.5,2.0,57,February,439.63
Sci-Fi,142,5.1,4.7,54,April,481.58
Animation,119,3.3,7.9,16,June,545.34
Romance,166,8.9,4.9,62,March,739.01
Sci-Fi,205,2.8,9.5,84,December,947.41
Romance,238,9.5,5.2,96,October,1252.5
Romance,32,2.9,8.9,56,October,373.02
Action,15,6.5,8.3,23,July,343.34
Comedy,210,3.0,9.8,17,July,666.69
Animation,171,5.9,9.3,80,May,912.4
Romance,251,7.2,9.1,38,March,1124.15
Animation,51,2.7,7.6,72,February,562.99
Thriller,250,5.7,4.3,83,April,844.88
Romance,131,5.2,2.0,30,April,583.15
Drama,151,1.6,7.2,58,November,568.09
Comedy,122,8.4,9.8,98,August,784.57
Drama,156,4.0,7.5,78,August,857.02
Animation,76,6.2,9.4,22,May,407.36
Animation,141,5.6,8.2,17,June,730.13
Comedy,179,5.6,2.5,15,August,350.49
Animation,293,2.0,3.2,48,January,1101.62
Drama,23,4.8,4.1,32,May,233.48
Romance,199,5.1,2.5,77,April,826.73
Romance,179,7.6,6.2,85,April,715.48
Action,145,8.6,9.8,40,November,686.18
Thriller,250,5.9,7.9,97,February,1079.37
Animation,97,1.8,4.8,57,October,568.75
Drama,243,3.1,1.0,58,January,560.3
Animation,209,2.5,3.8,91,June,702.57
Animation,52,2.1,5.7,99,July,437.0
Sci-Fi,249,4.3,3.9,16,May,738.69
Action,299,3.1,2.0,28,August,1017.87
Drama,132,3.0,5.0,98,September,799.05
Drama,286,1.5,3.3,1,November,612.87
Animation,21,1.2,9.2,41,November,242.71
Action,75,1.9,1.9,48,February,392.2
Romance,273,2.5,1.4,31,November,670.96
Drama,286,4.9,1.0,36,April,827.32
Romance,11,5.6,4.0,33,November,287.24
Action,107,2.3,6.9,33,September,512.81
Romance,197,4.8,7.6,82,May,604.7
Comedy,245,4.1,5.1,23,March,626.24
Sci-Fi,66,2.7,7.2,60,June,565.48
Horror,21,1.1,4.2,87,March,342.57
Drama,175,5.2,7.0,79,May,686.67
Thriller,29,7.2,1.4,90,March,522.32
Sci-Fi,255,3.0,4.5,30,June,616.74
Horror,257,2.2,8.1,89,December,801.82
Romance,211,9.0,8.2,45,October,943.46
Drama,33,3.5,7.4,80,May,323.01
Romance,121,3.0,2.8,39,September,588.05
Comedy,286,8.7,3.2,45,March,921.9
Action,148,8.4,10.0,78,June,803.93
Drama,29,5.0,1.9,81,August,538.25
Horror,160,5.4,2.6,12,July,361.19
Horror,77,3.0,2.2,93,June,530.15
Comedy,124,1.7,3.9,32,February,590.49
Comedy,97,6.2,2.9,56,July,571.15
Animation,90,1.9,5.5,24,August,377.39
Drama,122,5.0,5.3,13,January,638.13
Romance,237,9.5,9.1,20,September,1027.35
Thriller,203,9.6,1.3,79,April,1021.78
Horror,210,3.2,3.9,56,August,826.86
Horror,151,6.6,6.4,53,October,760.17
Comedy,275,5.3,6.4,68,July,1184.44
Sci-Fi,143,8.9,5.3,54,October,806.35
Comedy,185,3.4,8.3,34,July,872.9
Thriller,34,1.0,1.6,28,February,227.03
Romance,61,2.5,8.3,50,January,441.81
Romance,236,4.1,5.5,2,April,409.99
Sci-Fi,150,3.8,2.2,94,December,712.88
Horror,52,8.1,9.0,26,February,405.5
Comedy,198,7.1,6.8,51,August,764.95
Animation,228,3.7,2.5,47,October,967.16
Romance,140,5.1,1.3,26,July,366.65
Thriller,26,1.9,2.3,84,August,531.3
Drama,10,9.1,6.5,92,November,481.13
Action,208,9.4,2.6,84,June,826.83
Action,243,9.8,3.0,75,January,756.47
Action,189,8.8,1.2,74,December,766.16
Animation,296,2.6,7.5,61,September,920.29
Horror,224,1.4,8.3,23,June,960.97
Comedy,120,6.2,8.2,37,December,741.5
Sci-Fi,53,9.2,2.1,41,October,265.84
Animation,177,2.6,9.1,52,January,588.8
Animation,86,1.1,7.1,83,January,622.27
Romance,49,8.2,9.1,82,August,531.68
Drama,24,1.7,5.0,49,June,155.08
Animation,225,4.7,4.9,27,August,443.73
Thriller,127,7.1,8.1,6,August,472.46
Drama,238,3.1,1.8,74,November,1065.79
Thriller,225,1.8,5.7,66,August,741.57
Horror,7,7.9,8.5,24,October,306.74
Comedy,186,6.7,8.5,38,July,912.97
Action,210,9.9,9.6,28,July,861.29
Animation,44,4.1,7.3,28,October,326.52
Comedy,63,1.6,2.9,66,April,300.0
Horror,66,7.6,1.2,61,September,513.93
Sci-Fi,136,5.7,5.3,46,December,572.94
Sci-Fi,64,2.9,5.6,69,February,468.86
Horror,126,8.0,3.2,75,November,671.39
Thriller,111,2.8,2.1,74,September,602.02
Romance,100,3.3,6.3,43,October,480.72
Romance,239,1.8,7.9,59,March,847.11
Thriller,66,4.6,9.9,2,February,477.03
Sci-Fi,260,4.8,7.8,15,April,719.18
Sci-Fi,53,5.6,8.1,37,May,245.91
Animation,163,7.4,6.5,71,February,659.88
Sci-Fi,128,9.2,9.9,20,January,600.19
Comedy,211,2.2,6.8,98,October,934.51
Sci-Fi,52,1.5,8.7,35,November,376.06
Drama,140,1.2,9.5,34,May,663.95
Animation,205,2.3,9.4,86,September,782.22
Action,254,6.9,4.4,31,December,779.76
Sci-Fi,299,7.5,1.7,87,December,896.8
Thriller,213,8.1,2.5,19,May,651.18
Action,215,3.2,1.5,68,December,573.38
Comedy,196,3.8,1.9,24,November,492.05
Thriller,48,5.3,2.7,84,October,422.48
Action,33,1.6,4.1,39,September,299.72
Thriller,63,6.5,5.9,92,December,619.88
Comedy,75,9.9,7.4,54,October,569.82
Animation,96,4.2,2.9,39,June,461.06
Drama,269,7.8,7.1,17,March,837.15
Comedy,224,5.5,7.3,19,April,839.11
Comedy,219,2.2,6.0,48,April,824.18
Thriller,281,6.2,9.1,35,January,1065.52
Animation,68,3.7,2.0,32,March,397.92
Horror,296,1.3,2.6,47,March,1040.05
Romance,249,6.7,4.9,47,January,815.39
Sci-Fi,66,8.7,2.1,64,September,312.47
Sci-Fi,174,4.1,6.1,46,November,617.3
Drama,273,4.5,4.6,35,January,790.48
Drama,271,9.0,3.6,94,September,932.36
Sci-Fi,58,8.3,2.5,17,January,248.09
Romance,20,7.4,4.0,42,February,303.26
Sci-Fi,12,3.2,6.5,29,February,223.74
Horror,108,9.2,6.2,70,June,535.91
Romance,63,2.4,2.5,17,July,265.37
Drama,44,6.6,2.1,81,November,382.28
Action,241,1.3,1.2,14,January,625.66
Thriller,98,6.8,1.1,24,March,326.81
Horror,226,3.5,8.9,57,February,944.77
Horror,208,5.0,1.4,50,August,684.77
Animation,142,4.1,7.6,57,September,672.85
Drama,211,2.6,8.8,61,February,885.6
Drama,85,6.6,1.9,39,February,519.29
Comedy,222,8.9,4.9,55,October,760.42
Horror,6,9.6,9.7,96,September,424.87
Comedy,182,2.7,8.5,36,April,469.73
Comedy,283,7.5,5.4,37,May,1092.98
Thriller,150,7.0,7.9,14,November,634.9
Comedy,228,4.1,8.5,27,September,760.24
Romance,66,1.2,4.1,83,June,457.34
Sci-Fi,298,7.2,9.0,31,October,1382.83
Action,243,9.5,5.2,73,December,1154.63
Drama,199,6.7,5.8,81,September,1008.4
Romance,170,4.9,10.0,83,September,827.6
Action,226,5.7,8.6,44,July,1032.72
Horror,65,2.8,4.3,68,December,338.2
Horror,133,7.8,1.1,48,October,471.48
Horror,177,7.7,6.6,57,September,607.1
Romance,160,2.3,7.3,75,May,851.22
Romance,114,8.9,6.9,22,May,429.71
Drama,273,3.4,9.7,4,December,801.48
Sci-Fi,282,9.8,8.8,81,August,1007.59
Animation,78,4.4,5.0,72,October,532.01
Comedy,211,2.6,1.6,46,April,934.2
Horror,283,4.2,5.3,59,September,894.16
Thriller,208,5.0,7.2,34,July,689.15
Sci-Fi,165,1.6,6.5,11,July,621.11
Thriller,32,6.2,5.8,31,March,192.32
Drama,261,6.4,5.2,11,April,911.19
Drama,169,7.7,3.6,56,July,863.52
Drama,67,1.3,3.5,38,November,312.13
Action,26,5.9,5.5,21,November,322.8
Thriller,74,1.5,2.4,94,May,470.68
Sci-Fi,100,7.3,4.1,10,December,406.5
Animation,167,1.5,3.9,26,March,421.51
Sci-Fi,83,9.2,6.3,91,January,588.45
Romance,9,7.3,1.6,8,July,208.45
Romance,124,5.6,8.5,8,June,479.63
Horror,182,5.0,6.1,60,October,837.43
Animation,180,2.2,7.0,72,July,616.41
Romance,221,3.6,7.3,34,February,839.55
Drama,60,8.8,3.6,16,December,254.03
Sci-Fi,191,9.1,5.2,13,April,691.52
Thriller,236,1.0,9.6,87,February,1235.78
Drama,259,6.3,7.9,76,August,924.56
Action,108,7.5,9.7,91,July,808.0
Romance,81,6.6,7.7,22,January,449.57
Drama,234,1.7,2.6,96,February,697.01
Drama,262,3.0,1.6,27,February,709.02
Action,268,3.3,6.2,64,April,1097.79
Comedy,186,8.5,4.2,2,March,396.13
Sci-Fi,260,5.2,3.5,97,January,788.17
Thriller,42,5.4,8.3,26,December,298.97
Horror,180,9.4,4.3,92,February,1036.56
Comedy,31,6.7,3.9,83,November,500.18
Romance,280,9.1,8.6,69,September,1101.19
Drama,144,5.1,8.6,97,January,902.77
Animation,291,2.3,4.2,84,September,1160.5
Action,95,9.4,8.5,30,July,474.28
Action,65,5.1,8.7,8,February,295.98
Animation,167,2.6,4.8,38,February,749.48
Sci-Fi,147,3.7,1.6,61,May,646.3
Comedy,257,1.5,1.0,81,May,1004.72
Horror,273,5.2,5.7,65,April,1217.03
Sci-Fi,295,8.7,4.1,67,December,1408.02
Animation,191,9.4,10.0,46,October,748.02
Drama,295,9.4,8.0,90,October,1006.75
Animation,90,2.1,7.9,95,December,750.13
Sci-Fi,170,4.4,9.6,72,March,767.12
Thriller,118,1.3,9.0,43,April,657.42
Action,187,8.7,3.9,59,October,757.25
Action,211,4.2,2.5,46,April,535.4
Romance,260,6.7,7.7,72,February,750.78
Romance,239,7.4,4.4,35,May,634.54
Animation,7,4.9,5.3,39,May,217.08
Horror,212,3.8,6.7,92,May,903.1
Drama,201,9.7,9.2,51,November,810.26
Thriller,129,9.7,4.8,4,November,652.54
Comedy,142,3.6,8.0,80,October,774.44
Sci-Fi,29,5.3,3.4,77,January,457.34
Horror,72,9.8,7.3,84,June,601.85
Drama,65,1.0,1.0,51,November,393.05
Romance,33,4.7,8.8,5,February,247.72
Animation,23,1.9,1.3,55,July,208.48
Sci-Fi,175,5.6,7.4,20,April,557.04
Romance,78,1.2,1.4,24,May,225.7
Animation,65,4.7,3.4,36,May,321.2
Sci-Fi,157,3.0,5.5,34,May,581.2
Comedy,280,5.8,4.8,54,February,832.01
Drama,52,10.0,2.7,34,May,450.0
Sci-Fi,215,8.2,4.0,83,March,1171.25
